{
	"root_health+2": {
		"title": "+1 Heart",
		"frame": "challenge",
		"icon": {
			"type": "effect",
			"data": {
				"effect": "health_boost"
			}
		},
		"rewards": [
			{
				"type": "puffish_skills:attribute",
				"data": {
					"attribute": "generic.max_health",
					"value": 2,
					"operation": "addition"
				}
			}
		],
		"metadata": {
			"icon": "p9ydilgqbk797jpr"
		}
	},
	"root_resistance+1%": {
		"title": "+1% Resistance",
		"frame": "challenge",
		"icon": {
			"type": "effect",
			"data": {
				"effect": "resistance"
			}
		},
		"rewards": [
			{
				"type": "puffish_skills:attribute",
				"data": {
					"attribute": "puffish_skills:player.resistance",
					"value": 0.01,
					"operation": "multiply_total"
				}
			}
		],
		"metadata": {
			"icon": "0jubbl0x0i780e6a"
		}
	},
	"root_melee_damage+3%": {
		"title": "+3% Melee Damage",
		"frame": "challenge",
		"icon": {
			"type": "effect",
			"data": {
				"effect": "strength"
			}
		},
		"rewards": [
			{
				"type": "puffish_skills:attribute",
				"data": {
					"attribute": "puffish_skills:player.melee_damage",
					"value": 0.03,
					"operation": "multiply_total"
				}
			}
		],
		"metadata": {
			"icon": "h67zv2wcflvuapqs"
		}
	},
	"root_ranged_damage+3%": {
		"title": "+3% Ranged Damage",
		"frame": "challenge",
		"icon": {
			"type": "item",
			"data": {
				"item": "bow"
			}
		},
		"rewards": [
			{
				"type": "puffish_skills:attribute",
				"data": {
					"attribute": "puffish_skills:player.ranged_damage",
					"value": 0.03,
					"operation": "multiply_total"
				}
			}
		],
		"metadata": {
			"icon": "v4yf5ufw906xmrea"
		}
	},
	"health+2": {
		"title": "+1 Heart",
		"icon": {
			"type": "effect",
			"data": {
				"effect": "health_boost"
			}
		},
		"rewards": [
			{
				"type": "puffish_skills:attribute",
				"data": {
					"attribute": "generic.max_health",
					"value": 2,
					"operation": "addition"
				}
			}
		],
		"metadata": {
			"icon": "ff2zslsdsuyz3l84"
		}
	},
	"resistance+1%": {
		"title": "+1% Resistance",
		"icon": {
			"type": "effect",
			"data": {
				"effect": "resistance"
			}
		},
		"rewards": [
			{
				"type": "puffish_skills:attribute",
				"data": {
					"attribute": "puffish_skills:player.resistance",
					"value": 0.01,
					"operation": "multiply_total"
				}
			}
		],
		"metadata": {
			"icon": "ssvwhumylbud0wx2"
		}
	},
	"melee_damage+3%": {
		"title": "+3% Melee Damage",
		"icon": {
			"type": "effect",
			"data": {
				"effect": "strength"
			}
		},
		"rewards": [
			{
				"type": "puffish_skills:attribute",
				"data": {
					"attribute": "puffish_skills:player.melee_damage",
					"value": 0.03,
					"operation": "multiply_total"
				}
			}
		],
		"metadata": {
			"icon": "fpo04esxrma3lhlt"
		}
	},
	"ranged_damage+3%": {
		"title": "+3% Ranged Damage",
		"icon": {
			"type": "item",
			"data": {
				"item": "bow"
			}
		},
		"rewards": [
			{
				"type": "puffish_skills:attribute",
				"data": {
					"attribute": "puffish_skills:player.ranged_damage",
					"value": 0.03,
					"operation": "multiply_total"
				}
			}
		],
		"metadata": {
			"icon": "gbnzcjn9cgtbhoyt"
		}
	},
	"attack_speed+5%": {
		"title": "+5% Attack Speed",
		"icon": {
			"type": "item",
			"data": {
				"item": "golden_sword"
			}
		},
		"rewards": [
			{
				"type": "puffish_skills:attribute",
				"data": {
					"attribute": "generic.attack_speed",
					"value": 0.05,
					"operation": "multiply_total"
				}
			}
		],
		"metadata": {
			"icon": "ej9aq9ogjytdjzyf"
		}
	},
	"movement_speed+5%": {
		"title": "+5% Movement Speed",
		"icon": {
			"type": "effect",
			"data": {
				"effect": "speed"
			}
		},
		"rewards": [
			{
				"type": "puffish_skills:attribute",
				"data": {
					"attribute": "generic.movement_speed",
					"value": 0.05,
					"operation": "multiply_total"
				}
			}
		],
		"metadata": {
			"icon": "i7cgrgughgahmcnv"
		}
	},
	"luck+0.25": {
		"title": "+0.25 Luck",
		"icon": {
			"type": "effect",
			"data": {
				"effect": "luck"
			}
		},
		"rewards": [
			{
				"type": "puffish_skills:attribute",
				"data": {
					"attribute": "generic.luck",
					"value": 0.25,
					"operation": "addition"
				}
			}
		],
		"metadata": {
			"icon": "qc9rz8t6cm0paqg2"
		}
	},
	"stamina+5%": {
		"title": "+5% Stamina",
		"icon": {
			"type": "effect",
			"data": {
				"effect": "saturation"
			}
		},
		"rewards": [
			{
				"type": "puffish_skills:attribute",
				"data": {
					"attribute": "puffish_skills:player.stamina",
					"value": 0.05,
					"operation": "multiply_total"
				}
			}
		],
		"metadata": {
			"icon": "ohkea8w6rb03xj09"
		}
	},
	"healing+5%": {
		"title": "+5% Healing",
		"icon": {
			"type": "effect",
			"data": {
				"effect": "regeneration"
			}
		},
		"rewards": [
			{
				"type": "puffish_skills:attribute",
				"data": {
					"attribute": "puffish_skills:player.healing",
					"value": 0.05,
					"operation": "multiply_total"
				}
			}
		],
		"metadata": {
			"icon": "371tz5gqfrs6sqnp"
		}
	},
	"jump+5%": {
		"title": "+5% Jump",
		"icon": {
			"type": "effect",
			"data": {
				"effect": "jump_boost"
			}
		},
		"rewards": [
			{
				"type": "puffish_skills:attribute",
				"data": {
					"attribute": "puffish_skills:player.jump",
					"value": 0.05,
					"operation": "multiply_total"
				}
			}
		],
		"metadata": {
			"icon": "6hb341ovfrplxplg"
		}
	}
}