{"stats":{"minecraft:killed_by":{"minecraft:spider":1,"minecraft:skeleton":1,"minecraft:zombie":1},"minecraft:broken":{"minecraft:iron_leggings":1,"aether:iron_gloves":1,"minecraft:chainmail_boots":1,"minecraft:iron_sword":1,"minecraft:iron_pickaxe":1,"minecraft:iron_helmet":1},"minecraft:custom":{"minecraft:interact_with_smithing_table":1,"minecraft:mob_kills":146,"minecraft:interact_with_crafting_table":10,"minecraft:open_barrel":48,"minecraft:damage_dealt_resisted":787,"minecraft:leave_game":3,"minecraft:time_since_death":4406,"minecraft:climb_one_cm":6817,"minecraft:sprint_one_cm":1113591,"minecraft:walk_one_cm":1502997,"minecraft:drop":61,"minecraft:damage_dealt_absorbed":320,"minecraft:talked_to_villager":2,"minecraft:play_time":263700,"minecraft:deaths":11,"minecraft:sneak_time":9650,"minecraft:walk_under_water_one_cm":74499,"minecraft:jump":4063,"minecraft:walk_on_water_one_cm":114103,"minecraft:total_world_time":263700,"minecraft:interact_with_furnace":13,"vampirism:interact_with_research_table":1,"minecraft:time_since_rest":2677,"minecraft:damage_taken":10757,"minecraft:damage_absorbed":26,"minecraft:damage_dealt":33137,"minecraft:swim_one_cm":124411,"minecraft:fly_one_cm":1180444,"minecraft:open_chest":34,"minecraft:crouch_one_cm":84474,"tombstone:undead_killed":93,"tombstone:villager_killed":1,"minecraft:fall_one_cm":117497},"minecraft:mined":{"minecraft:dark_oak_leaves":1,"minecraft:deepslate_diamond_ore":3,"biomesoplenty:bush":1,"minecraft:grass_block":1,"minecraft:iron_ore":1,"minecraft:cobbled_deepslate":14,"minecraft:fire":93,"minecraft:pumpkin":6,"biomesoplenty:high_grass":18,"minecraft:deepslate_iron_ore":2,"minecraft:oak_stairs":3,"minecraft:stone":184,"minecraft:oak_slab":3,"biomesoplenty:high_grass_plant":30,"minecraft:cobblestone":14,"minecraft:oak_planks":2,"minecraft:blue_bed":1,"minecraft:wall_torch":2,"biomemakeover:willow_log":8,"minecraft:spruce_log":9,"minecraft:grass":15,"minecraft:oak_log":6,"minecraft:gray_carpet":1,"minecraft:cobweb":5,"minecraft:oak_leaves":1,"minecraft:deepslate":46,"biomemakeover:willow_leaves":1},"minecraft:picked_up":{"minecraft:birch_door":1,"minecraft:charcoal":5,"minecraft:crafting_table":1,"minecraft:chicken":2,"minecraft:ladder":7,"minecraft:lead":1,"minecraft:oak_stairs":1,"minecraft:cornflower":4,"minecraft:string":37,"alexsmobs:cooked_catfish":1,"minecraft:cyan_carpet":1,"alexsmobs:emu_feather":1,"minecraft:cobbled_deepslate":189,"minecraft:beef":2,"biomemakeover:willow_log":4,"crittersandcompanions:clam":4,"minecraft:furnace":1,"minecraft:egg":1,"minecraft:raw_iron":7,"minecraft:torch":7,"epicfight:skillbook":5,"minecraft:stone_button":7,"minecraft:mangrove_sign":1,"tombstone:grave_dust":30,"vampirism:vampire_fang":3,"minecraft:carrot":1,"minecraft:golden_chestplate":1,"minecraft:iron_horse_armor":1,"minecraft:stone_sword":2,"minecraft:arrow":37,"minecraft:rotten_flesh":42,"ars_nouveau:worn_notebook":1,"minecraft:shears":1,"minecraft:hay_block":27,"scalinghealth:power_crystal":3,"minecraft:mutton":1,"minecraft:white_wool":1,"minecraft:cobblestone":335,"minecraft:feather":2,"minecraft:cooked_beef":2,"minecraft:salmon":2,"minecraft:brown_wool":1,"minecraft:leather":4,"minecraft:golden_leggings":2,"minecraft:oak_log":6,"scalinghealth:bandages":14,"minecraft:gunpowder":3,"scalinghealth:heart_crystal":2,"minecraft:blue_bed":1,"minecraft:dirt":87,"scalinghealth:medkit":3,"minecraft:bone":49,"minecraft:stone_bricks":2,"minecraft:gray_carpet":10,"minecraft:bow":5,"minecraft:wheat_seeds":5,"minecraft:iron_ingot":1,"minecraft:stone_pickaxe":1,"minecraft:iron_sword":1,"minecraft:oak_planks":102,"minecraft:oak_slab":3,"scalinghealth:heart_crystal_shard":31,"minecraft:pumpkin":6,"minecraft:music_disc_13":1,"minecraft:sand":17,"ars_nouveau:music_disc_aria_biblio":1,"minecraft:spruce_log":12,"alexsmobs:animal_dictionary":1,"minecraft:spider_eye":9,"minecraft:bundle":2,"alexsmobs:raw_catfish":1,"minecraft:diamond":6,"minecraft:chainmail_leggings":1,"minecraft:bread":65,"scalinghealth:cursed_heart":25,"minecraft:rooted_dirt":12,"vampirism:hunter_axe_normal":1,"minecraft:coal":26,"minecraft:ender_pearl":3},"minecraft:crafted":{"minecraft:oak_planks":92,"minecraft:cooked_chicken":2,"minecraft:cooked_mutton":4,"tombstone:grave_key":3,"minecraft:chest":4,"minecraft:cooked_beef":2,"minecraft:crafting_table":2,"scalinghealth:heart_crystal":1,"minecraft:air":0,"minecraft:stick":40,"minecraft:iron_ingot":8,"minecraft:iron_pickaxe":1,"minecraft:torch":136},"minecraft:dropped":{"minecraft:iron_ingot":6,"minecraft:bread":60,"minecraft:stripped_spruce_log":2,"minecraft:cooked_beef":1,"minecraft:baked_potato":1,"minecraft:cobblestone":8,"scalinghealth:heart_crystal_shard":12,"minecraft:torch":52,"minecraft:cornflower":2,"tombstone:grave_dust":10,"minecraft:sand":4,"minecraft:gray_carpet":1,"minecraft:cyan_carpet":1,"minecraft:cobbled_deepslate":10,"minecraft:stone_sword":1,"minecraft:raw_iron":6,"tombstone:gift":1,"minecraft:oak_planks":44,"minecraft:cooked_mutton":2,"minecraft:mangrove_sign":1,"minecraft:salmon":1,"minecraft:carrot":1,"vampirism:hunter_axe_normal":1,"vampirism:vampire_fang":2,"minecraft:arrow":1,"scalinghealth:bandages":2,"epicfight:skillbook":3},"minecraft:used":{"minecraft:chest":4,"minecraft:iron_sword":69,"minecraft:cooked_chicken":2,"minecraft:torch":90,"scalinghealth:heart_crystal":2,"minecraft:cooked_beef":2,"minecraft:cobbled_deepslate":179,"minecraft:pumpkin":2,"minecraft:cooked_mutton":2,"minecraft:water_bucket":3,"epicfight:skillbook":5,"minecraft:stone_pickaxe":15,"minecraft:baked_potato":3,"minecraft:oak_planks":10,"minecraft:sand":9,"minecraft:crafting_table":2,"minecraft:oak_log":1,"minecraft:bread":143,"minecraft:iron_pickaxe":252,"tombstone:grave_key":1,"minecraft:diamond_sword":603,"minecraft:cobblestone":285,"minecraft:bucket":2},"minecraft:killed":{"vampirism:vampire":1,"minecraft:spider":26,"minecraft:zombie_horse":1,"minecraft:skeleton":38,"minecraft:chicken":1,"minecraft:drowned":5,"minecraft:salmon":1,"vampirism:villager_angry":1,"minecraft:creeper":4,"vampirism:hunter":1,"alexsmobs:emu":1,"minecraft:sheep":1,"alexsmobs:catfish":1,"minecraft:zombie":45,"iceandfire:ghost":4,"minecraft:cow":3}},"DataVersion":3465}