{"stats":{"minecraft:killed":{"minecraft:spider":24,"minecraft:zombie_horse":1,"minecraft:skeleton":35,"minecraft:chicken":1,"minecraft:drowned":1,"minecraft:salmon":1,"minecraft:creeper":4,"alexsmobs:emu":1,"minecraft:sheep":1,"alexsmobs:catfish":1,"minecraft:zombie":42,"iceandfire:ghost":4,"minecraft:cow":3},"minecraft:dropped":{"minecraft:iron_ingot":6,"minecraft:bread":60,"minecraft:stripped_spruce_log":2,"minecraft:cooked_beef":1,"minecraft:baked_potato":1,"minecraft:cobblestone":1,"scalinghealth:heart_crystal_shard":12,"minecraft:cornflower":2,"tombstone:grave_dust":10,"minecraft:sand":4,"minecraft:gray_carpet":1,"minecraft:cyan_carpet":1,"minecraft:stone_sword":1,"minecraft:raw_iron":6,"tombstone:gift":1,"minecraft:cooked_mutton":2,"minecraft:mangrove_sign":1,"minecraft:salmon":1,"minecraft:carrot":1,"vampirism:vampire_fang":2,"minecraft:arrow":1,"scalinghealth:bandages":2,"epicfight:skillbook":3},"minecraft:broken":{"aether:iron_gloves":1,"minecraft:iron_sword":1,"minecraft:iron_helmet":1},"minecraft:picked_up":{"minecraft:crafting_table":1,"minecraft:charcoal":5,"minecraft:birch_door":1,"minecraft:chicken":2,"minecraft:ladder":7,"minecraft:lead":1,"minecraft:oak_stairs":1,"minecraft:cornflower":4,"alexsmobs:cooked_catfish":1,"minecraft:string":37,"minecraft:cyan_carpet":1,"alexsmobs:emu_feather":1,"minecraft:cobbled_deepslate":189,"minecraft:beef":2,"biomemakeover:willow_log":4,"crittersandcompanions:clam":1,"minecraft:egg":1,"minecraft:furnace":1,"minecraft:raw_iron":7,"minecraft:torch":5,"epicfight:skillbook":5,"minecraft:mangrove_sign":1,"tombstone:grave_dust":28,"vampirism:vampire_fang":3,"minecraft:carrot":1,"minecraft:golden_chestplate":1,"minecraft:iron_horse_armor":1,"minecraft:stone_sword":2,"minecraft:arrow":33,"minecraft:rotten_flesh":40,"ars_nouveau:worn_notebook":1,"minecraft:shears":1,"minecraft:hay_block":27,"scalinghealth:power_crystal":3,"minecraft:mutton":1,"minecraft:white_wool":1,"minecraft:cobblestone":245,"minecraft:feather":2,"minecraft:cooked_beef":2,"minecraft:salmon":2,"minecraft:leather":4,"minecraft:brown_wool":1,"minecraft:golden_leggings":2,"minecraft:oak_log":6,"scalinghealth:bandages":14,"minecraft:gunpowder":3,"scalinghealth:heart_crystal":2,"minecraft:dirt":48,"scalinghealth:medkit":2,"minecraft:bone":46,"minecraft:stone_bricks":2,"minecraft:gray_carpet":10,"minecraft:bow":5,"minecraft:wheat_seeds":5,"minecraft:iron_ingot":1,"minecraft:stone_pickaxe":1,"minecraft:oak_planks":58,"minecraft:iron_sword":1,"minecraft:oak_slab":3,"scalinghealth:heart_crystal_shard":21,"minecraft:pumpkin":6,"minecraft:music_disc_13":1,"minecraft:sand":17,"ars_nouveau:music_disc_aria_biblio":1,"minecraft:spruce_log":12,"minecraft:spider_eye":6,"alexsmobs:animal_dictionary":1,"minecraft:bundle":2,"alexsmobs:raw_catfish":1,"minecraft:diamond":6,"scalinghealth:cursed_heart":23,"minecraft:bread":65,"minecraft:rooted_dirt":12,"minecraft:coal":3,"minecraft:ender_pearl":3},"minecraft:killed_by":{"minecraft:skeleton":1,"minecraft:zombie":1},"minecraft:mined":{"minecraft:dark_oak_leaves":1,"minecraft:deepslate_diamond_ore":3,"biomesoplenty:bush":1,"minecraft:grass_block":1,"minecraft:iron_ore":1,"minecraft:cobbled_deepslate":14,"minecraft:fire":93,"minecraft:pumpkin":6,"biomesoplenty:high_grass":18,"minecraft:deepslate_iron_ore":2,"minecraft:oak_stairs":3,"minecraft:stone":107,"minecraft:oak_slab":3,"biomesoplenty:high_grass_plant":30,"minecraft:oak_planks":2,"minecraft:wall_torch":1,"biomemakeover:willow_log":8,"minecraft:spruce_log":9,"minecraft:grass":15,"minecraft:oak_log":6,"minecraft:gray_carpet":1,"minecraft:cobweb":5,"minecraft:oak_leaves":1,"minecraft:deepslate":46,"biomemakeover:willow_leaves":1},"minecraft:crafted":{"minecraft:oak_planks":92,"minecraft:cooked_chicken":2,"minecraft:cooked_mutton":4,"tombstone:grave_key":3,"minecraft:chest":2,"minecraft:cooked_beef":2,"minecraft:crafting_table":1,"scalinghealth:heart_crystal":1,"minecraft:air":0,"minecraft:stick":40,"minecraft:iron_pickaxe":1,"minecraft:iron_ingot":8,"minecraft:torch":80},"minecraft:used":{"minecraft:chest":2,"minecraft:iron_sword":69,"minecraft:cooked_chicken":2,"minecraft:torch":85,"scalinghealth:heart_crystal":2,"minecraft:cooked_beef":2,"minecraft:cobbled_deepslate":179,"minecraft:pumpkin":2,"minecraft:cooked_mutton":2,"minecraft:water_bucket":1,"epicfight:skillbook":5,"minecraft:stone_pickaxe":15,"minecraft:baked_potato":3,"minecraft:oak_planks":10,"minecraft:sand":9,"minecraft:crafting_table":1,"minecraft:oak_log":1,"minecraft:bread":110,"minecraft:iron_pickaxe":159,"tombstone:grave_key":1,"minecraft:diamond_sword":543,"minecraft:cobblestone":19},"minecraft:custom":{"minecraft:interact_with_smithing_table":1,"minecraft:mob_kills":130,"minecraft:interact_with_crafting_table":9,"minecraft:open_barrel":46,"minecraft:damage_dealt_resisted":574,"minecraft:leave_game":2,"minecraft:time_since_death":40853,"minecraft:climb_one_cm":4284,"minecraft:sprint_one_cm":929133,"minecraft:walk_one_cm":1287397,"minecraft:drop":52,"minecraft:damage_dealt_absorbed":320,"minecraft:talked_to_villager":2,"minecraft:play_time":219324,"minecraft:deaths":8,"minecraft:sneak_time":3653,"minecraft:walk_under_water_one_cm":56839,"minecraft:jump":3449,"minecraft:walk_on_water_one_cm":104078,"minecraft:total_world_time":219324,"minecraft:interact_with_furnace":13,"minecraft:time_since_rest":40529,"minecraft:damage_taken":7567,"minecraft:damage_dealt":29491,"minecraft:swim_one_cm":114827,"minecraft:fly_one_cm":980215,"minecraft:open_chest":28,"minecraft:crouch_one_cm":19915,"tombstone:undead_killed":83,"minecraft:fall_one_cm":77356}},"DataVersion":3465}