{"stats":{"minecraft:killed":{"vampirism:vampire":3,"minecraft:cave_spider":1,"vampirism:advanced_vampire":1,"minecraft:spider":17,"minecraft:skeleton":31,"vampirism:blinding_bat":1,"minecraft:skeleton_horse":1,"minecraft:pig":7,"vampirism:hunter":18,"minecraft:sheep":5,"minecraft:zombie":39,"alexsmobs:terrapin":1,"minecraft:cow":11,"iceandfire:fire_dragon":1,"minecraft:husk":4,"vampirism:villager_angry":3,"endermanoverhaul:cave_enderman":1,"iceandfire:ghost":1,"minecraft:villager":1,"minecraft:enderman":1},"minecraft:custom":{"minecraft:interact_with_crafting_table":49,"minecraft:open_barrel":34,"minecraft:leave_game":7,"minecraft:time_since_death":8870,"minecraft:damage_resisted":5873,"minecraft:sprint_one_cm":1834881,"minecraft:drop":325,"vampirism:interact_with_totem":6,"minecraft:talked_to_villager":28,"minecraft:play_time":328109,"minecraft:deaths":21,"minecraft:jump":6055,"minecraft:walk_on_water_one_cm":44479,"minecraft:interact_with_furnace":43,"minecraft:traded_with_villager":3,"minecraft:interact_with_cartography_table":1,"minecraft:damage_dealt":37308,"minecraft:player_kills":6,"minecraft:crouch_one_cm":49652,"tombstone:undead_killed":76,"tombstone:villager_killed":4,"minecraft:interact_with_smithing_table":9,"minecraft:mob_kills":160,"minecraft:damage_dealt_resisted":960,"minecraft:climb_one_cm":7878,"vampirism:amount_bitten":25,"minecraft:walk_one_cm":744240,"vampirism:skills_unlocked":12,"minecraft:damage_dealt_absorbed":16205,"minecraft:sneak_time":9521,"minecraft:walk_under_water_one_cm":11032,"minecraft:total_world_time":328109,"vampirism:blood_drunk":21700,"minecraft:time_since_rest":8597,"vampirism:resurrected":2,"minecraft:damage_taken":901137,"minecraft:trigger_trapped_chest":1,"tombstone:cast_on_ally":1,"minecraft:swim_one_cm":32702,"minecraft:fly_one_cm":4437767,"minecraft:open_chest":64,"minecraft:fall_one_cm":167507},"minecraft:dropped":{"iceandfire:raw_silver":2,"minecraft:acacia_wood":3,"minecraft:moss_block":2,"minecraft:brown_mushroom":5,"minecraft:porkchop":3,"minecraft:stripped_mangrove_wood":4,"biomesoplenty:pink_daffodil":2,"minecraft:oak_log":3,"minecraft:cooked_beef":1,"minecraft:glow_ink_sac":2,"minecraft:ender_pearl":1,"minecraft:diamond":18,"vampirism:heart_seeker_enhanced":1,"vampirism:garlic_diffuser_improved":1,"iceandfire:fire_dragon_flesh":1,"minecraft:lantern":4,"minecraft:rooted_dirt":14,"minecraft:leather":16,"minecraft:iron_horse_armor":1,"minecraft:cracked_stone_bricks":1,"minecraft:emerald":2,"minecraft:music_disc_13":1,"tombstone:bag_of_seeds":1,"minecraft:stone_button":1,"minecraft:cornflower":2,"minecraft:mutton":18,"minecraft:dark_oak_trapdoor":21,"minecraft:gold_nugget":10,"minecraft:amethyst_shard":2,"minecraft:sunflower":2,"minecraft:sand":20,"minecraft:iron_pickaxe":1,"minecraft:white_wool":4,"minecraft:cyan_carpet":5,"minecraft:bone":60,"minecraft:stone_axe":1,"minecraft:iron_nugget":6,"alexsmobs:animal_dictionary":1,"minecraft:cobbled_deepslate":423,"minecraft:soul_lantern":1,"minecraft:wheat":3,"tombstone:gift":3,"minecraft:rotten_flesh":64,"minecraft:oak_planks":22,"minecraft:carrot":17,"iceandfire:shiny_scales":1,"minecraft:gunpowder":7,"vampirism:vampire_blood_bottle":1,"vampirism:vampire_fang":1,"vampirism:oil_bottle":1,"travelersbackpack:iron_golem":1,"minecraft:melon_seeds":4,"minecraft:acacia_slab":1,"minecraft:stone_brick_wall":1,"minecraft:birch_door":3,"minecraft:ladder":3,"minecraft:acacia_sapling":4,"minecraft:chest":2,"minecraft:spruce_slab":3,"minecraft:arrow":19,"minecraft:beef":13,"vampirism:cobbled_dark_stone":1,"minecraft:enchanted_book":2,"minecraft:bread":59,"minecraft:stripped_spruce_log":2,"minecraft:oak_slab":2,"minecraft:wheat_seeds":34,"minecraft:mossy_cobblestone":3,"scalinghealth:cursed_heart":12,"minecraft:golden_horse_armor":2,"vampirism:hunter_axe_enhanced":1,"minecraft:diamond_leggings":1,"minecraft:poisonous_potato":2,"vampirism:hunter_coat_legs_ultimate":1,"minecraft:iron_helmet":3,"minecraft:cobblestone":132,"minecraft:book":2,"iceandfire:cyclops_eye":1,"minecraft:spruce_door":1,"minecraft:spruce_stairs":3,"minecraft:chainmail_helmet":2,"minecraft:grass_block":1,"minecraft:coal":3,"minecraft:stick":9,"scalinghealth:medkit":3,"minecraft:cobweb":10,"ars_nouveau:worn_notebook":1,"minecraft:diorite":1,"minecraft:golden_carrot":6,"minecraft:torch":25,"rpgsmw:edmantium":1,"minecraft:gray_bed":1,"ars_nouveau:music_disc_aria_biblio":1,"tombstone:grave_dust":15,"minecraft:potion":3,"minecraft:oak_stairs":1,"epicfight:stone_greatsword":1,"minecraft:iron_axe":1,"vampirism:ring":1,"minecraft:chainmail_leggings":1,"minecraft:string":24,"minecraft:gray_carpet":1,"minecraft:redstone":24,"iceandfire:dragon_skull_fire":1,"ars_nouveau:caster_tome":2,"iceandfire:dragonbone":24,"alexsmobs:acacia_blossom":1,"minecraft:nether_wart":5,"minecraft:coarse_dirt":4,"minecraft:dark_oak_sign":2,"minecraft:raw_copper":13,"minecraft:cocoa_beans":2,"minecraft:deepslate":1,"vampirism:obi_belt":1,"minecraft:tuff":1,"vampirism:hunter_coat_head_ultimate":1,"minecraft:iron_boots":2,"minecraft:torchflower_seeds":3,"minecraft:shears":1,"crittersandcompanions:silk":3,"minecraft:suspicious_stew":1,"minecraft:hay_block":27,"minecraft:spruce_planks":1,"minecraft:bundle":2,"minecraft:andesite":6,"minecraft:golden_sword":3,"minecraft:spider_eye":8,"minecraft:barrel":1,"minecraft:stone_bricks":14,"minecraft:bamboo":1,"minecraft:diamond_boots":1,"minecraft:spruce_log":2,"minecraft:bow":1,"minecraft:stone_pickaxe":1,"minecraft:wooden_pickaxe":1,"minecraft:magma_block":2,"scalinghealth:bandages":27,"iceandfire:dragon_skull_lightning":1,"epicfight:skillbook":5},"minecraft:mined":{"minecraft:acacia_log":2,"minecraft:grass_block":2,"minecraft:white_concrete":3,"minecraft:coal_block":8,"minecraft:composter":4,"minecraft:spawner":16,"minecraft:iron_ore":30,"minecraft:cobbled_deepslate":3,"minecraft:fire":26,"minecraft:barrel":2,"minecraft:deepslate_lapis_ore":7,"vampirism:tent":3,"iceandfire:gold_pile":1,"minecraft:iron_block":1,"minecraft:player_head":1,"minecraft:deepslate_redstone_ore":6,"minecraft:torch":5,"minecraft:chest":4,"minecraft:cobblestone":20,"minecraft:oak_planks":1,"minecraft:wall_torch":4,"minecraft:wheat":1,"minecraft:grass":41,"biomesoplenty:clover":1,"minecraft:oak_log":8,"vampirism:garlic_diffuser_improved":1,"minecraft:sand":31,"minecraft:dirt":11,"minecraft:smooth_basalt":3,"minecraft:netherrack":1,"minecraft:oak_leaves":3,"minecraft:deepslate":234,"minecraft:emerald_block":1,"minecraft:yellow_terracotta":1,"minecraft:diamond_ore":1,"minecraft:tuff":3,"minecraft:mossy_cobblestone":1,"minecraft:deepslate_diamond_ore":75,"vampirism:altar_pillar":8,"vampirism:vampire_orchid":46,"iceandfire:deepslate_silver_ore":2,"minecraft:acacia_slab":1,"minecraft:large_fern":2,"minecraft:hay_block":51,"minecraft:furnace":9,"minecraft:andesite":3,"minecraft:stripped_spruce_log":2,"minecraft:gold_block":1,"vampirism:altar_infusion":1,"biomesoplenty:high_grass":17,"minecraft:deepslate_iron_ore":7,"minecraft:vine":1,"minecraft:rail":1,"minecraft:bamboo":17,"ars_nouveau:rune":35,"minecraft:stone":56,"minecraft:white_wool":3,"minecraft:smithing_table":3,"vampirism:dark_stone":1,"minecraft:spruce_door":2,"travelersbackpack:standard":1,"minecraft:oak_fence":2,"minecraft:crafting_table":16,"biomesoplenty:high_grass_plant":29,"minecraft:tall_grass":6,"biomesoplenty:sprout":1,"rpgsmw:mineral_ore":1,"minecraft:gray_bed":1,"minecraft:spruce_log":1,"minecraft:coal_ore":85,"minecraft:cobweb":10,"minecraft:acacia_planks":1,"minecraft:stone_bricks":15,"vampirism:altar_tip":4,"paraglider:goddess_statue":5},"minecraft:crafted":{"minecraft:oak_planks":48,"minecraft:cooked_mutton":1,"minecraft:glass":26,"minecraft:iron_boots":1,"minecraft:chest":2,"minecraft:glass_bottle":6,"travelersbackpack:iron_tier_upgrade":1,"minecraft:emerald":12,"minecraft:diamond_axe":1,"minecraft:crafting_table":10,"travelersbackpack:standard":4,"minecraft:wooden_pickaxe":1,"minecraft:iron_helmet":1,"minecraft:smithing_table":1,"minecraft:iron_chestplate":1,"minecraft:diamond_pickaxe":1,"minecraft:stick":84,"minecraft:iron_ingot":38,"minecraft:iron_pickaxe":1,"minecraft:gold_ingot":18,"minecraft:shears":1,"epicfight:diamond_greatsword":1,"minecraft:furnace":2,"travelersbackpack:blank_upgrade":4,"travelersbackpack:gold_tier_upgrade":1,"travelersbackpack:white_sleeping_bag":1,"minecraft:iron_axe":1,"minecraft:stone_pickaxe":1,"travelersbackpack:diamond_tier_upgrade":1,"minecraft:wheat":198,"minecraft:cooked_beef":14,"minecraft:coal_block":7,"travelersbackpack:backpack_tank":4,"scalinghealth:heart_crystal":2,"epicfight:stone_greatsword":1,"minecraft:stone_axe":1,"minecraft:bread":66,"minecraft:air":0,"minecraft:iron_leggings":1,"minecraft:acacia_planks":44,"minecraft:torch":84},"minecraft:broken":{"minecraft:golden_helmet":1,"aether:golden_gloves":1,"minecraft:iron_boots":2,"minecraft:iron_chestplate":1,"minecraft:iron_leggings":1,"minecraft:iron_helmet":1},"minecraft:picked_up":{"ars_nouveau:caster_tome":1,"minecraft:birch_door":3,"minecraft:wheat":3,"minecraft:suspicious_stew":1,"minecraft:smithing_table":4,"minecraft:oak_stairs":1,"minecraft:potion":2,"minecraft:enchanted_book":2,"minecraft:golden_sword":2,"minecraft:dark_oak_trapdoor":21,"paraglider:goddess_statue":5,"minecraft:string":28,"minecraft:raw_copper":13,"minecraft:experience_bottle":3,"minecraft:diamond_leggings":1,"minecraft:cobbled_deepslate":468,"minecraft:gold_nugget":10,"minecraft:spruce_planks":2,"minecraft:coal_block":8,"minecraft:furnace":11,"minecraft:iron_boots":3,"minecraft:stick":3,"minecraft:composter":4,"minecraft:spruce_stairs":3,"minecraft:oak_fence":10,"minecraft:torch":22,"minecraft:acacia_log":11,"minecraft:porkchop":15,"epicfight:skillbook":10,"minecraft:diorite":1,"tombstone:grave_dust":15,"vampirism:vampire_fang":3,"minecraft:rotten_flesh":63,"iceandfire:fire_dragon_heart":1,"minecraft:iron_block":3,"rpgsmw:edmantium":1,"minecraft:cobblestone":219,"minecraft:magma_block":2,"travelersbackpack:iron_golem":1,"minecraft:andesite":10,"paraglider:spirit_orb":30,"minecraft:tuff":3,"minecraft:lapis_lazuli":52,"minecraft:dirt":471,"minecraft:lantern":7,"minecraft:glass":5,"minecraft:bone":58,"minecraft:bow":1,"minecraft:wheat_seeds":32,"vampirism:altar_pillar":8,"minecraft:dark_oak_sign":2,"minecraft:bamboo":145,"minecraft:moss_block":2,"minecraft:oak_planks":11,"minecraft:music_disc_13":1,"minecraft:poisonous_potato":2,"vampirism:ring":1,"iceandfire:dragon_skull_fire":1,"ars_nouveau:music_disc_aria_biblio":1,"minecraft:sand":53,"minecraft:stripped_spruce_log":2,"minecraft:grass_block":1,"minecraft:barrel":1,"minecraft:mossy_cobblestone":3,"minecraft:bundle":2,"minecraft:diamond":80,"minecraft:deepslate":1,"vampirism:oil_bottle":1,"minecraft:soul_lantern":1,"minecraft:golden_apple":1,"minecraft:white_concrete":3,"minecraft:chainmail_helmet":3,"minecraft:golden_horse_armor":1,"minecraft:emerald":4,"scalinghealth:cursed_heart":12,"minecraft:rooted_dirt":15,"biomesoplenty:pink_daffodil":2,"iceandfire:raw_silver":2,"iceandfire:dragon_skull_lightning":2,"minecraft:coarse_dirt":4,"minecraft:cocoa_beans":2,"minecraft:crafting_table":16,"minecraft:ladder":3,"minecraft:nether_wart":5,"minecraft:brown_mushroom":5,"minecraft:stone_brick_wall":1,"minecraft:gold_block":2,"minecraft:cornflower":2,"minecraft:item_frame":2,"minecraft:cyan_carpet":5,"minecraft:cracked_stone_bricks":1,"minecraft:beef":28,"minecraft:player_head":1,"minecraft:iron_nugget":6,"minecraft:spruce_slab":3,"minecraft:chest":3,"minecraft:spruce_trapdoor":1,"minecraft:raw_iron":53,"minecraft:stripped_mangrove_wood":4,"iceandfire:dragonbone":24,"minecraft:stone_button":4,"minecraft:carrot":18,"minecraft:redstone":29,"minecraft:arrow":55,"iceandfire:cyclops_eye":1,"vampirism:cobbled_dark_stone":1,"minecraft:peony":1,"minecraft:diamond_boots":1,"minecraft:hay_block":49,"crittersandcompanions:silk":3,"minecraft:gold_ingot":5,"minecraft:mutton":24,"minecraft:rail":1,"minecraft:skeleton_skull":1,"minecraft:white_wool":12,"vampirism:garlic_diffuser_improved":1,"vampirism:vampire_blood_bottle":1,"minecraft:golden_carrot":6,"minecraft:glow_ink_sac":2,"minecraft:leather":37,"alexsmobs:acacia_blossom":1,"minecraft:acacia_wood":3,"minecraft:packed_mud":4,"minecraft:oak_log":15,"scalinghealth:bandages":30,"minecraft:gunpowder":7,"scalinghealth:heart_crystal":4,"scalinghealth:medkit":3,"vampirism:human_heart":7,"minecraft:gray_carpet":1,"minecraft:stone_bricks":29,"minecraft:iron_ingot":3,"minecraft:cobweb":10,"tombstone:bag_of_seeds":1,"minecraft:gray_bed":1,"iceandfire:fire_dragon_flesh":2,"minecraft:acacia_sapling":7,"minecraft:book":1,"minecraft:oak_slab":2,"scalinghealth:heart_crystal_shard":25,"minecraft:smooth_basalt":3,"minecraft:emerald_block":1,"minecraft:torchflower_seeds":3,"minecraft:amethyst_shard":2,"vampirism:altar_infusion":1,"minecraft:spruce_log":2,"minecraft:dark_oak_fence_gate":1,"minecraft:spruce_door":3,"minecraft:spider_eye":8,"travelersbackpack:standard":1,"vampirism:altar_tip":4,"minecraft:iron_helmet":2,"minecraft:chainmail_leggings":1,"vampirism:vampire_orchid":46,"tombstone:magic_scroll":1,"minecraft:acacia_slab":1,"minecraft:melon_seeds":4,"minecraft:coal":157,"minecraft:sunflower":3,"minecraft:ender_pearl":1},"minecraft:used":{"minecraft:peony":1,"minecraft:chest":1,"minecraft:rotten_flesh":3,"minecraft:iron_chestplate":1,"paraglider:goddess_statue":4,"tombstone:scroll_of_preservation":1,"minecraft:mutton":5,"minecraft:carrot":1,"minecraft:acacia_sapling":3,"minecraft:tuff":2,"minecraft:lava_bucket":9,"minecraft:lantern":3,"minecraft:packed_mud":4,"minecraft:iron_helmet":2,"epicfight:diamond_greatsword":305,"minecraft:stone_bricks":10,"minecraft:item_frame":2,"minecraft:furnace":5,"minecraft:skeleton_skull":1,"epicfight:skillbook":8,"minecraft:diamond_boots":1,"minecraft:spruce_door":2,"minecraft:oak_planks":10,"minecraft:stone_pickaxe":84,"minecraft:wooden_pickaxe":4,"travelersbackpack:iron_golem":2,"vampirism:human_heart":9,"minecraft:composter":3,"minecraft:diamond_axe":32,"minecraft:white_wool":5,"minecraft:sand":5,"minecraft:shears":10,"minecraft:stone_button":3,"minecraft:string":5,"minecraft:bread":36,"tombstone:grave_key":26,"minecraft:golden_helmet":1,"minecraft:fire_charge":1,"minecraft:smithing_table":4,"minecraft:andesite":4,"minecraft:white_concrete":3,"minecraft:experience_bottle":3,"minecraft:oak_fence":10,"tombstone:scroll_of_frost_resistance":2,"minecraft:redstone":5,"minecraft:spruce_planks":1,"minecraft:torch":74,"minecraft:dirt":290,"scalinghealth:heart_crystal":6,"minecraft:diamond_helmet":2,"minecraft:iron_axe":5,"minecraft:rooted_dirt":1,"minecraft:iron_boots":1,"epicfight:stone_greatsword":50,"minecraft:smooth_basalt":3,"minecraft:diamond_chestplate":1,"minecraft:beef":1,"tombstone:gift":5,"minecraft:cooked_beef":14,"minecraft:cobbled_deepslate":45,"minecraft:iron_leggings":1,"minecraft:cooked_mutton":1,"minecraft:water_bucket":13,"iceandfire:fire_dragon_flesh":1,"iceandfire:dragon_skull_lightning":1,"minecraft:rail":1,"minecraft:crafting_table":16,"minecraft:dark_oak_fence_gate":1,"minecraft:diamond_pickaxe":392,"minecraft:sunflower":1,"minecraft:iron_pickaxe":141,"tombstone:magic_scroll":1,"minecraft:spruce_trapdoor":1,"minecraft:stone_axe":36,"minecraft:cobblestone":92,"travelersbackpack:standard":3,"minecraft:porkchop":9,"minecraft:bucket":26,"alexsmobs:animal_dictionary":1,"minecraft:diamond_leggings":1,"vampirism:vampire_orchid":1,"minecraft:splash_potion":1},"minecraft:killed_by":{"minecraft:zombie":2,"minecraft:spider":2}},"DataVersion":3465}