{"stats":{"minecraft:used":{"minecraft:peony":1,"iceandfire:tide_trident":6,"minecraft:chest":1,"minecraft:rotten_flesh":3,"minecraft:iron_chestplate":1,"paraglider:goddess_statue":8,"tombstone:scroll_of_preservation":1,"minecraft:mutton":5,"minecraft:carrot":2,"minecraft:acacia_sapling":3,"minecraft:tuff":33,"minecraft:lava_bucket":9,"tombstone:tablet_of_cupidity":2,"minecraft:lantern":3,"minecraft:packed_mud":4,"minecraft:iron_helmet":2,"epicfight:diamond_greatsword":601,"minecraft:stone_bricks":10,"minecraft:item_frame":2,"minecraft:furnace":6,"minecraft:skeleton_skull":1,"epicfight:skillbook":21,"minecraft:diamond_boots":1,"minecraft:spruce_door":2,"minecraft:oak_planks":14,"minecraft:stone_pickaxe":84,"minecraft:wooden_pickaxe":4,"travelersbackpack:iron_golem":4,"vampirism:human_heart":82,"minecraft:diamond_axe":205,"minecraft:composter":3,"minecraft:white_wool":5,"minecraft:sand":5,"minecraft:shears":17,"minecraft:cyan_carpet":7,"minecraft:stone_button":3,"minecraft:string":11,"minecraft:bread":36,"tombstone:grave_key":29,"minecraft:golden_helmet":1,"minecraft:fire_charge":1,"minecraft:smithing_table":5,"minecraft:andesite":4,"minecraft:white_concrete":3,"minecraft:oak_fence":11,"minecraft:experience_bottle":3,"tombstone:scroll_of_lightning_resistance":1,"tombstone:scroll_of_frost_resistance":2,"minecraft:redstone":5,"minecraft:spruce_planks":1,"travelersbackpack:bat":2,"minecraft:torch":74,"minecraft:dirt":420,"scalinghealth:heart_crystal":11,"minecraft:diamond_helmet":3,"iceandfire:armor_silver_metal_helmet":1,"minecraft:stone_brick_slab":1,"minecraft:iron_axe":5,"minecraft:rooted_dirt":1,"minecraft:iron_boots":1,"iceandfire:dragon_ice":2,"epicfight:stone_greatsword":50,"minecraft:smooth_basalt":3,"minecraft:diamond_chestplate":1,"minecraft:beef":1,"tombstone:gift":5,"minecraft:cooked_beef":14,"minecraft:cobbled_deepslate":109,"minecraft:iron_leggings":1,"minecraft:cooked_mutton":1,"tombstone:scroll_of_mercy":1,"minecraft:water_bucket":19,"iceandfire:fire_dragon_flesh":1,"vampirism:altar_inspiration":3,"scalinghealth:chance_heart":1,"minecraft:cobblestone_slab":2,"iceandfire:dragon_skull_lightning":1,"minecraft:rail":1,"minecraft:crafting_table":24,"minecraft:dark_oak_fence_gate":1,"tombstone:bag_of_seeds":2,"minecraft:diamond_pickaxe":597,"minecraft:sunflower":1,"minecraft:iron_pickaxe":141,"tombstone:magic_scroll":1,"minecraft:spruce_trapdoor":1,"minecraft:stone_axe":36,"minecraft:potion":1,"minecraft:cobblestone":92,"travelersbackpack:standard":22,"minecraft:andesite_stairs":1,"minecraft:porkchop":9,"minecraft:bucket":37,"minecraft:diamond_leggings":1,"vampirism:vampire_orchid":1,"alexsmobs:animal_dictionary":1,"minecraft:splash_potion":1},"minecraft:killed_by":{"iceandfire:ice_dragon":1,"minecraft:zombie":2,"minecraft:spider":2},"minecraft:dropped":{"twilightforest:magic_beans":1,"iceandfire:raw_silver":2,"minecraft:acacia_wood":3,"minecraft:porkchop":3,"minecraft:moss_block":2,"minecraft:brown_mushroom":5,"minecraft:stripped_mangrove_wood":4,"biomesoplenty:pink_daffodil":2,"minecraft:cooked_beef":1,"vampirism:armor_of_swiftness_legs_ultimate":2,"minecraft:oak_log":3,"minecraft:glow_ink_sac":2,"minecraft:chorus_fruit":36,"minecraft:ender_pearl":1,"minecraft:glass_bottle":8,"minecraft:diamond":18,"minecraft:glow_berries":12,"vampirism:heart_seeker_enhanced":1,"vampirism:garlic_diffuser_improved":1,"iceandfire:ice_dragon_flesh":1,"iceandfire:fire_dragon_flesh":1,"minecraft:lantern":4,"minecraft:rooted_dirt":14,"minecraft:leather":20,"iceandfire:tide_trident":1,"minecraft:iron_horse_armor":1,"minecraft:cracked_stone_bricks":1,"minecraft:rail":4,"minecraft:emerald":2,"paraglider:spirit_orb":4,"minecraft:red_mushroom":1,"minecraft:music_disc_13":1,"minecraft:flint":1,"tombstone:bag_of_seeds":3,"minecraft:stone_button":1,"minecraft:cornflower":2,"minecraft:mutton":19,"minecraft:dark_oak_trapdoor":21,"minecraft:chain":1,"minecraft:gold_nugget":10,"minecraft:amethyst_shard":2,"minecraft:sunflower":2,"minecraft:sand":20,"minecraft:iron_pickaxe":1,"iceandfire:armor_silver_metal_helmet":1,"minecraft:white_wool":4,"minecraft:cyan_carpet":11,"ars_nouveau:source_gem":3,"minecraft:bone":75,"minecraft:stone_axe":1,"minecraft:iron_nugget":6,"alexsmobs:animal_dictionary":1,"minecraft:cobbled_deepslate":3075,"tombstone:tablet_of_recall":1,"minecraft:wheat":3,"minecraft:soul_lantern":1,"tombstone:gift":3,"minecraft:rotten_flesh":133,"minecraft:oak_planks":22,"vampirism:blood_bottle":2,"travelersbackpack:bat":1,"minecraft:carrot":19,"iceandfire:shiny_scales":5,"iceandfire:armor_silver_metal_boots":1,"minecraft:gunpowder":7,"vampirism:vampire_blood_bottle":1,"vampirism:vampire_fang":1,"vampirism:oil_bottle":1,"travelersbackpack:iron_golem":1,"minecraft:melon_seeds":4,"minecraft:acacia_slab":1,"minecraft:stone_brick_wall":1,"ars_nouveau:drygmy_shard":1,"minecraft:chest":2,"minecraft:acacia_sapling":4,"minecraft:birch_door":3,"minecraft:ladder":3,"minecraft:spruce_slab":3,"minecraft:arrow":30,"minecraft:glass":1,"minecraft:beef":13,"vampirism:cobbled_dark_stone":1,"minecraft:enchanted_book":2,"minecraft:iron_ingot":6,"minecraft:bread":59,"minecraft:stripped_spruce_log":2,"minecraft:oak_slab":2,"minecraft:wheat_seeds":40,"minecraft:lilac":3,"minecraft:mossy_cobblestone":13,"minecraft:golden_horse_armor":2,"scalinghealth:cursed_heart":25,"vampirism:hunter_axe_enhanced":1,"minecraft:diamond_leggings":1,"minecraft:poisonous_potato":2,"minecraft:prismarine_shard":3,"vampirism:hunter_coat_legs_ultimate":1,"minecraft:oak_fence":4,"biomesoplenty:maple_sapling":1,"minecraft:prismarine_crystals":7,"minecraft:cobblestone":132,"minecraft:iron_helmet":3,"scalinghealth:heart_crystal_shard":14,"minecraft:book":4,"iceandfire:cyclops_eye":1,"minecraft:spruce_door":1,"rpgsmw:rangal":1,"minecraft:spruce_stairs":3,"minecraft:chainmail_helmet":2,"minecraft:grass_block":1,"minecraft:coal":12,"scalinghealth:power_crystal":1,"minecraft:stick":9,"scalinghealth:medkit":5,"minecraft:cobweb":24,"ars_nouveau:worn_notebook":1,"minecraft:diorite":1,"minecraft:golden_carrot":6,"minecraft:torch":25,"scalinghealth:heart_crystal":1,"rpgsmw:edmantium":1,"minecraft:gray_bed":1,"vampirism:altar_inspiration":1,"ars_nouveau:music_disc_aria_biblio":1,"tombstone:grave_dust":26,"minecraft:potion":3,"minecraft:iron_leggings":1,"minecraft:oak_stairs":1,"epicfight:stone_greatsword":1,"minecraft:iron_axe":1,"minecraft:smooth_basalt":7,"vampirism:ring":1,"minecraft:chainmail_leggings":1,"minecraft:string":41,"minecraft:gray_carpet":1,"minecraft:redstone":109,"iceandfire:dragon_skull_fire":1,"ars_nouveau:wilden_wing":3,"ars_nouveau:caster_tome":6,"iceandfire:dragonbone":24,"minecraft:kelp":1,"ars_nouveau:magebloom_crop":2,"alexsmobs:acacia_blossom":1,"minecraft:coarse_dirt":4,"minecraft:nether_wart":5,"minecraft:cocoa_beans":2,"minecraft:dark_oak_sign":2,"minecraft:raw_copper":16,"rpgsmw:rawmiphrilignot":3,"minecraft:deepslate":1,"vampirism:obi_belt":1,"minecraft:tuff":19,"minecraft:raw_iron":1,"vampirism:hunter_coat_head_ultimate":1,"minecraft:iron_boots":2,"minecraft:torchflower_seeds":5,"minecraft:shears":1,"minecraft:pumpkin_seeds":3,"crittersandcompanions:silk":3,"minecraft:suspicious_stew":1,"minecraft:filled_map":1,"minecraft:potato":1,"minecraft:cobblestone_slab":8,"minecraft:hay_block":27,"iceandfire:copper_sword":2,"minecraft:bundle":5,"minecraft:spruce_planks":1,"minecraft:andesite":6,"minecraft:mossy_stone_bricks":2,"minecraft:oak_sapling":1,"minecraft:golden_sword":3,"minecraft:barrel":1,"minecraft:stone_bricks":14,"minecraft:spider_eye":15,"minecraft:bamboo":1,"tombstone:essence_of_undeath":1,"minecraft:diamond_boots":1,"minecraft:spruce_log":2,"minecraft:bow":5,"minecraft:stone_pickaxe":1,"minecraft:wooden_pickaxe":1,"minecraft:calcite":8,"iceandfire:sea_serpent_fang":1,"minecraft:magma_block":2,"scalinghealth:bandages":66,"iceandfire:dragon_skull_lightning":1,"epicfight:skillbook":15},"minecraft:killed":{"vampirism:vampire":5,"minecraft:cave_spider":10,"vampirism:advanced_vampire":1,"minecraft:spider":30,"minecraft:skeleton":50,"vampirism:blinding_bat":1,"minecraft:silverfish":3,"minecraft:skeleton_horse":1,"minecraft:pig":7,"vampirism:hunter":18,"minecraft:sheep":5,"minecraft:zombie":94,"alexsmobs:terrapin":1,"iceandfire:sea_serpent":2,"minecraft:cow":11,"alexsmobs:raccoon":2,"iceandfire:fire_dragon":1,"iceandfire:siren":2,"minecraft:husk":13,"vampirism:villager_angry":3,"endermanoverhaul:cave_enderman":1,"iceandfire:ghost":2,"minecraft:villager":1,"minecraft:enderman":1},"minecraft:custom":{"goblintraders:trade_with_goblin":9,"minecraft:interact_with_crafting_table":69,"minecraft:open_barrel":39,"minecraft:eat_cake_slice":1,"minecraft:leave_game":11,"minecraft:time_since_death":5390,"minecraft:damage_resisted":5990,"minecraft:sprint_one_cm":2932573,"minecraft:drop":568,"vampirism:interact_with_totem":6,"minecraft:talked_to_villager":28,"minecraft:play_time":547258,"minecraft:deaths":25,"minecraft:jump":8239,"minecraft:interact_with_brewingstand":1,"minecraft:walk_on_water_one_cm":72832,"vampirism:altar_of_inspiration_rituals_performed":6,"minecraft:interact_with_furnace":62,"minecraft:traded_with_villager":3,"minecraft:interact_with_cartography_table":1,"vampirism:action_used_bat":15,"vampirism:actions_used":22,"vampirism:action_used_regen":7,"minecraft:damage_dealt":74864,"minecraft:player_kills":6,"minecraft:crouch_one_cm":74976,"tombstone:undead_killed":160,"tombstone:villager_killed":4,"minecraft:interact_with_smithing_table":11,"minecraft:mob_kills":278,"vampirism:action_time_bat":4848,"minecraft:damage_dealt_resisted":2324,"minecraft:climb_one_cm":12968,"vampirism:amount_bitten":25,"minecraft:walk_one_cm":1273582,"vampirism:action_time_regen":2570,"vampirism:skills_unlocked":31,"minecraft:damage_dealt_absorbed":21150,"vampirism:interact_with_altar_inspiration":35,"minecraft:sneak_time":14261,"minecraft:walk_under_water_one_cm":48844,"minecraft:interact_with_blast_furnace":2,"minecraft:total_world_time":547258,"vampirism:blood_drunk":167400,"minecraft:time_since_rest":5108,"vampirism:resurrected":4,"minecraft:damage_taken":914666,"minecraft:trigger_trapped_chest":3,"tombstone:cast_on_ally":1,"minecraft:swim_one_cm":208084,"minecraft:fly_one_cm":6332065,"minecraft:open_chest":98,"minecraft:fall_one_cm":212658},"minecraft:mined":{"minecraft:andesite_stairs":1,"minecraft:obsidian":3,"minecraft:acacia_log":2,"minecraft:grass_block":3,"minecraft:white_concrete":3,"minecraft:coal_block":10,"minecraft:composter":4,"minecraft:spawner":26,"minecraft:iron_ore":30,"minecraft:barrel":2,"minecraft:fire":26,"minecraft:cobbled_deepslate":10,"minecraft:deepslate_lapis_ore":12,"vampirism:tent":3,"iceandfire:gold_pile":1,"biomesoplenty:webbing":2,"minecraft:iron_block":1,"minecraft:player_head":1,"minecraft:deepslate_redstone_ore":35,"minecraft:kelp_plant":2,"minecraft:torch":5,"minecraft:blast_furnace":5,"minecraft:chest":4,"minecraft:mushroom_stem":2,"minecraft:cobblestone":37,"minecraft:oak_planks":1,"minecraft:wall_torch":4,"minecraft:light_gray_stained_glass":1,"minecraft:wheat":1,"biomesoplenty:fir_log":102,"biomesoplenty:maple_leaves":1,"minecraft:grass":57,"biomesoplenty:clover":1,"minecraft:oak_log":14,"vampirism:garlic_diffuser_improved":1,"minecraft:dirt":24,"minecraft:sand":56,"minecraft:smooth_basalt":3,"minecraft:netherrack":1,"minecraft:oak_leaves":4,"minecraft:deepslate":273,"minecraft:emerald_block":2,"minecraft:yellow_terracotta":1,"minecraft:diamond_ore":1,"minecraft:tuff":6,"minecraft:mossy_cobblestone":3,"minecraft:candle":1,"minecraft:deepslate_diamond_ore":95,"vampirism:altar_inspiration":2,"vampirism:altar_pillar":8,"minecraft:white_stained_glass":1,"vampirism:vampire_orchid":46,"iceandfire:deepslate_silver_ore":2,"minecraft:brown_mushroom_block":1,"iceandfire:dragon_ice":2,"minecraft:acacia_slab":1,"minecraft:large_fern":2,"minecraft:hay_block":51,"minecraft:black_stained_glass_pane":2,"minecraft:furnace":10,"minecraft:andesite":3,"minecraft:stripped_spruce_log":2,"minecraft:gold_block":1,"minecraft:bookshelf":43,"vampirism:altar_infusion":1,"biomesoplenty:high_grass":44,"minecraft:deepslate_iron_ore":7,"minecraft:vine":3,"minecraft:rail":1,"ars_nouveau:rune":66,"minecraft:bamboo":17,"minecraft:stone":82,"minecraft:white_wool":3,"minecraft:smithing_table":4,"vampirism:dark_stone":1,"minecraft:spruce_door":2,"travelersbackpack:standard":1,"minecraft:oak_fence":2,"minecraft:crafting_table":21,"minecraft:emerald_ore":19,"minecraft:sculk_sensor":1,"biomesoplenty:high_grass_plant":80,"minecraft:tall_grass":10,"biomesoplenty:sprout":1,"rpgsmw:mineral_ore":2,"minecraft:gray_bed":1,"minecraft:spruce_log":1,"minecraft:coal_ore":85,"biomesoplenty:fir_leaves":12,"minecraft:cyan_carpet":1,"minecraft:gravel":1,"minecraft:cobweb":17,"minecraft:acacia_planks":1,"minecraft:stone_bricks":15,"minecraft:mossy_stone_bricks":3,"minecraft:chipped_anvil":1,"paraglider:goddess_statue":9,"vampirism:altar_tip":4},"minecraft:broken":{"minecraft:golden_helmet":1,"aether:golden_gloves":1,"minecraft:diamond_helmet":1,"minecraft:iron_boots":2,"minecraft:iron_chestplate":1,"minecraft:iron_leggings":1,"minecraft:diamond_boots":1,"minecraft:diamond_leggings":1,"aether:iron_gloves":1,"minecraft:iron_helmet":1},"minecraft:crafted":{"minecraft:oak_planks":72,"minecraft:cobblestone_slab":6,"minecraft:cooked_mutton":1,"minecraft:glass":43,"minecraft:iron_boots":1,"vampirism:altar_inspiration":2,"minecraft:chest":2,"minecraft:glass_bottle":15,"travelersbackpack:iron_tier_upgrade":1,"minecraft:emerald":12,"minecraft:diamond_axe":1,"minecraft:crafting_table":28,"minecraft:wooden_pickaxe":1,"minecraft:iron_helmet":1,"travelersbackpack:standard":4,"minecraft:smithing_table":1,"minecraft:gold_block":9,"biomesoplenty:fir_planks":148,"minecraft:iron_chestplate":1,"minecraft:diamond_pickaxe":1,"travelersbackpack:iron_golem":1,"minecraft:stick":84,"minecraft:iron_ingot":56,"minecraft:iron_pickaxe":1,"minecraft:iron_block":7,"minecraft:gold_ingot":18,"minecraft:shears":2,"epicfight:diamond_greatsword":1,"minecraft:coal":9,"minecraft:furnace":3,"travelersbackpack:blank_upgrade":4,"travelersbackpack:gold_tier_upgrade":1,"minecraft:diamond_block":12,"travelersbackpack:white_sleeping_bag":1,"minecraft:iron_axe":1,"minecraft:stone_pickaxe":1,"travelersbackpack:diamond_tier_upgrade":1,"minecraft:wheat":198,"minecraft:cooked_beef":14,"minecraft:coal_block":7,"travelersbackpack:backpack_tank":4,"iceandfire:tide_trident":1,"scalinghealth:heart_crystal":7,"epicfight:stone_greatsword":1,"minecraft:stone_axe":1,"minecraft:bread":66,"minecraft:air":0,"minecraft:iron_leggings":1,"vampirism:blood_container":2,"minecraft:acacia_planks":44,"minecraft:torch":84},"minecraft:picked_up":{"ars_nouveau:caster_tome":3,"minecraft:birch_door":3,"minecraft:wheat":3,"iceandfire:copper_sword":1,"minecraft:prismarine_shard":3,"minecraft:suspicious_stew":1,"minecraft:smithing_table":5,"minecraft:enchanted_book":2,"minecraft:oak_stairs":1,"minecraft:potion":3,"minecraft:golden_sword":2,"minecraft:dark_oak_trapdoor":21,"paraglider:goddess_statue":9,"minecraft:string":55,"minecraft:raw_copper":16,"iceandfire:sea_serpent_scales_teal":9,"minecraft:iron_leggings":1,"minecraft:experience_bottle":3,"minecraft:diamond_leggings":1,"minecraft:gold_nugget":10,"minecraft:cobbled_deepslate":3213,"minecraft:spruce_planks":2,"rpgsmw:rawmiphrilignot":3,"minecraft:cobblestone_slab":4,"minecraft:calcite":8,"minecraft:coal_block":10,"minecraft:iron_boots":3,"minecraft:furnace":12,"minecraft:stick":3,"minecraft:composter":4,"minecraft:oak_fence":15,"minecraft:torch":22,"minecraft:acacia_log":11,"minecraft:spruce_stairs":3,"epicfight:skillbook":18,"minecraft:porkchop":15,"tombstone:grave_dust":26,"vampirism:vampire_fang":3,"minecraft:diorite":1,"minecraft:rotten_flesh":134,"iceandfire:fire_dragon_heart":1,"minecraft:iron_block":3,"rpgsmw:edmantium":1,"minecraft:obsidian":2,"minecraft:cobblestone":266,"minecraft:magma_block":2,"travelersbackpack:iron_golem":1,"minecraft:lilac":3,"minecraft:andesite":10,"minecraft:potato":1,"biomesoplenty:fir_log":101,"paraglider:spirit_orb":50,"minecraft:flint":1,"minecraft:tuff":158,"minecraft:dirt":544,"minecraft:lapis_lazuli":52,"minecraft:lantern":7,"minecraft:glass":5,"minecraft:bone":76,"minecraft:chipped_anvil":1,"minecraft:bow":5,"minecraft:raw_gold":7,"minecraft:wheat_seeds":37,"vampirism:altar_pillar":8,"minecraft:dark_oak_sign":2,"minecraft:mossy_stone_bricks":2,"minecraft:bamboo":145,"minecraft:moss_block":2,"minecraft:oak_planks":15,"minecraft:music_disc_13":1,"vampirism:ring":1,"minecraft:poisonous_potato":2,"iceandfire:dragon_skull_fire":1,"iceandfire:shiny_scales":4,"ars_nouveau:music_disc_aria_biblio":1,"minecraft:sand":78,"minecraft:stripped_spruce_log":2,"minecraft:grass_block":1,"minecraft:barrel":1,"minecraft:mossy_cobblestone":13,"minecraft:bundle":5,"rpgsmw:rangal":1,"minecraft:deepslate":1,"minecraft:diamond":107,"vampirism:oil_bottle":1,"minecraft:soul_lantern":1,"iceandfire:dragon_ice":2,"minecraft:golden_apple":1,"minecraft:white_concrete":3,"minecraft:chainmail_helmet":3,"minecraft:golden_horse_armor":1,"minecraft:emerald":23,"scalinghealth:cursed_heart":26,"minecraft:rooted_dirt":15,"biomesoplenty:pink_daffodil":2,"minecraft:oak_sapling":1,"iceandfire:raw_silver":2,"minecraft:coarse_dirt":4,"iceandfire:dragon_skull_lightning":2,"minecraft:cocoa_beans":2,"minecraft:crafting_table":21,"minecraft:nether_wart":5,"minecraft:ladder":3,"minecraft:brown_mushroom":5,"minecraft:stone_brick_wall":1,"minecraft:gold_block":2,"minecraft:chain":1,"minecraft:cornflower":2,"minecraft:item_frame":2,"minecraft:cyan_carpet":18,"minecraft:cracked_stone_bricks":1,"minecraft:candle":3,"minecraft:andesite_stairs":1,"minecraft:beef":28,"minecraft:player_head":1,"minecraft:iron_nugget":6,"minecraft:spruce_slab":3,"minecraft:chest":3,"minecraft:spruce_trapdoor":1,"minecraft:raw_iron":54,"minecraft:stripped_mangrove_wood":4,"iceandfire:dragonbone":31,"minecraft:stone_button":4,"minecraft:carrot":20,"minecraft:redstone":140,"minecraft:prismarine_crystals":7,"iceandfire:dragon_skull_ice":1,"minecraft:arrow":71,"iceandfire:cyclops_eye":1,"vampirism:cobbled_dark_stone":1,"vampirism:altar_inspiration":2,"minecraft:peony":1,"minecraft:diamond_boots":1,"crittersandcompanions:silk":3,"minecraft:hay_block":49,"minecraft:glow_berries":8,"minecraft:gold_ingot":5,"tombstone:essence_of_undeath":1,"minecraft:mutton":25,"minecraft:rail":5,"minecraft:skeleton_skull":1,"minecraft:white_wool":12,"vampirism:garlic_diffuser_improved":1,"vampirism:vampire_blood_bottle":1,"iceandfire:sea_serpent_fang":8,"minecraft:golden_carrot":6,"minecraft:glow_ink_sac":2,"minecraft:leather":37,"alexsmobs:acacia_blossom":1,"minecraft:red_mushroom":1,"minecraft:acacia_wood":3,"minecraft:packed_mud":4,"minecraft:oak_log":21,"scalinghealth:bandages":69,"vampirism:armor_of_swiftness_legs_ultimate":1,"minecraft:gunpowder":7,"scalinghealth:heart_crystal":4,"scalinghealth:medkit":5,"vampirism:human_heart":7,"minecraft:gray_carpet":1,"minecraft:stone_bricks":29,"minecraft:kelp":1,"minecraft:iron_ingot":3,"minecraft:cobweb":24,"tombstone:bag_of_seeds":4,"minecraft:gray_bed":1,"iceandfire:fire_dragon_flesh":2,"minecraft:acacia_sapling":7,"minecraft:book":130,"minecraft:oak_slab":2,"scalinghealth:heart_crystal_shard":78,"minecraft:smooth_basalt":10,"minecraft:emerald_block":2,"minecraft:stone_brick_slab":1,"minecraft:torchflower_seeds":3,"minecraft:amethyst_shard":2,"minecraft:blast_furnace":4,"minecraft:spruce_log":2,"vampirism:altar_infusion":1,"minecraft:dark_oak_fence_gate":1,"minecraft:spider_eye":15,"minecraft:spruce_door":3,"travelersbackpack:standard":1,"biomesoplenty:maple_sapling":1,"vampirism:altar_tip":4,"minecraft:chainmail_leggings":1,"minecraft:iron_helmet":2,"iceandfire:ice_dragon_flesh":1,"vampirism:vampire_orchid":46,"tombstone:magic_scroll":2,"minecraft:acacia_slab":1,"minecraft:melon_seeds":4,"minecraft:coal":157,"minecraft:sunflower":3,"minecraft:ender_pearl":1}},"DataVersion":3465}