{"stats":{"minecraft:killed_by":{"minecraft:zombie":2,"minecraft:spider":2},"minecraft:broken":{"minecraft:golden_helmet":1,"aether:golden_gloves":1,"minecraft:iron_boots":1,"minecraft:iron_chestplate":1,"minecraft:iron_helmet":1},"minecraft:custom":{"minecraft:interact_with_crafting_table":45,"minecraft:open_barrel":14,"minecraft:leave_game":6,"minecraft:time_since_death":24851,"minecraft:damage_resisted":235,"minecraft:sprint_one_cm":1457825,"vampirism:interact_with_totem":3,"minecraft:drop":224,"minecraft:talked_to_villager":8,"minecraft:play_time":241267,"minecraft:deaths":11,"minecraft:jump":4887,"minecraft:walk_on_water_one_cm":27577,"minecraft:interact_with_furnace":43,"minecraft:damage_dealt":29309,"minecraft:player_kills":6,"minecraft:crouch_one_cm":36940,"tombstone:undead_killed":39,"tombstone:villager_killed":3,"minecraft:interact_with_smithing_table":2,"minecraft:mob_kills":117,"minecraft:damage_dealt_resisted":960,"minecraft:climb_one_cm":5239,"vampirism:amount_bitten":25,"minecraft:walk_one_cm":595267,"vampirism:skills_unlocked":2,"minecraft:damage_dealt_absorbed":3250,"minecraft:sneak_time":7424,"minecraft:walk_under_water_one_cm":8911,"minecraft:total_world_time":241267,"vampirism:blood_drunk":17700,"minecraft:time_since_rest":11430,"minecraft:damage_taken":7868,"tombstone:cast_on_ally":1,"minecraft:swim_one_cm":17128,"minecraft:fly_one_cm":2942290,"minecraft:open_chest":45,"minecraft:fall_one_cm":97891},"minecraft:mined":{"minecraft:acacia_log":2,"minecraft:grass_block":2,"minecraft:white_concrete":3,"minecraft:coal_block":8,"minecraft:spawner":3,"minecraft:iron_ore":30,"minecraft:cobbled_deepslate":3,"minecraft:fire":13,"minecraft:deepslate_lapis_ore":7,"vampirism:tent":3,"iceandfire:gold_pile":1,"minecraft:iron_block":1,"minecraft:player_head":1,"minecraft:deepslate_redstone_ore":6,"minecraft:torch":5,"minecraft:chest":1,"minecraft:cobblestone":8,"minecraft:oak_planks":1,"minecraft:wall_torch":4,"minecraft:wheat":1,"minecraft:grass":23,"biomesoplenty:clover":1,"minecraft:oak_log":8,"minecraft:sand":31,"minecraft:dirt":10,"minecraft:smooth_basalt":3,"minecraft:netherrack":1,"minecraft:oak_leaves":3,"minecraft:deepslate":234,"minecraft:emerald_block":1,"minecraft:diamond_ore":1,"minecraft:tuff":3,"minecraft:mossy_cobblestone":1,"minecraft:deepslate_diamond_ore":75,"iceandfire:deepslate_silver_ore":2,"minecraft:large_fern":2,"minecraft:hay_block":51,"minecraft:furnace":9,"minecraft:andesite":3,"minecraft:stripped_spruce_log":2,"minecraft:gold_block":1,"biomesoplenty:high_grass":16,"minecraft:deepslate_iron_ore":7,"minecraft:rail":1,"minecraft:bamboo":17,"ars_nouveau:rune":18,"minecraft:stone":55,"minecraft:white_wool":3,"minecraft:smithing_table":1,"vampirism:dark_stone":1,"minecraft:spruce_door":2,"minecraft:oak_fence":2,"minecraft:crafting_table":12,"biomesoplenty:high_grass_plant":26,"minecraft:tall_grass":2,"biomesoplenty:sprout":1,"rpgsmw:mineral_ore":1,"minecraft:gray_bed":1,"minecraft:spruce_log":1,"minecraft:coal_ore":85,"minecraft:cobweb":10,"minecraft:acacia_planks":1,"minecraft:stone_bricks":15,"paraglider:goddess_statue":3},"minecraft:picked_up":{"minecraft:wheat":2,"minecraft:smithing_table":1,"minecraft:enchanted_book":1,"paraglider:goddess_statue":3,"minecraft:string":24,"minecraft:raw_copper":13,"minecraft:experience_bottle":3,"minecraft:cobbled_deepslate":468,"minecraft:gold_nugget":5,"minecraft:spruce_planks":2,"minecraft:coal_block":8,"minecraft:iron_boots":1,"minecraft:furnace":11,"minecraft:stick":3,"minecraft:oak_fence":10,"minecraft:torch":22,"minecraft:acacia_log":11,"minecraft:porkchop":15,"epicfight:skillbook":8,"tombstone:grave_dust":15,"vampirism:vampire_fang":3,"minecraft:rotten_flesh":28,"iceandfire:fire_dragon_heart":1,"minecraft:iron_block":1,"rpgsmw:edmantium":1,"minecraft:cobblestone":205,"travelersbackpack:iron_golem":1,"minecraft:magma_block":2,"minecraft:andesite":10,"paraglider:spirit_orb":8,"minecraft:tuff":3,"minecraft:lapis_lazuli":52,"minecraft:dirt":254,"minecraft:lantern":3,"minecraft:glass":5,"minecraft:bone":41,"minecraft:bow":1,"minecraft:wheat_seeds":21,"minecraft:bamboo":145,"minecraft:oak_planks":11,"minecraft:music_disc_13":1,"vampirism:ring":1,"iceandfire:dragon_skull_fire":1,"minecraft:sand":53,"ars_nouveau:music_disc_aria_biblio":1,"minecraft:stripped_spruce_log":2,"minecraft:mossy_cobblestone":3,"minecraft:bundle":2,"minecraft:diamond":80,"minecraft:deepslate":1,"vampirism:oil_bottle":1,"minecraft:white_concrete":3,"minecraft:rooted_dirt":15,"minecraft:emerald":4,"scalinghealth:cursed_heart":8,"iceandfire:raw_silver":2,"iceandfire:dragon_skull_lightning":2,"minecraft:cocoa_beans":2,"minecraft:crafting_table":12,"minecraft:ladder":3,"minecraft:brown_mushroom":5,"minecraft:stone_brick_wall":1,"minecraft:gold_block":1,"minecraft:cornflower":2,"minecraft:item_frame":2,"minecraft:cracked_stone_bricks":1,"minecraft:beef":28,"minecraft:player_head":1,"minecraft:iron_nugget":1,"minecraft:spruce_slab":3,"minecraft:chest":1,"minecraft:spruce_trapdoor":1,"minecraft:raw_iron":53,"iceandfire:dragonbone":24,"minecraft:stone_button":4,"minecraft:carrot":1,"minecraft:redstone":29,"iceandfire:cyclops_eye":1,"minecraft:arrow":39,"vampirism:cobbled_dark_stone":1,"minecraft:peony":1,"minecraft:hay_block":49,"crittersandcompanions:silk":3,"minecraft:gold_ingot":5,"minecraft:white_wool":9,"minecraft:skeleton_skull":1,"minecraft:mutton":16,"minecraft:rail":1,"vampirism:vampire_blood_bottle":1,"minecraft:glow_ink_sac":2,"minecraft:leather":28,"alexsmobs:acacia_blossom":1,"minecraft:acacia_wood":3,"minecraft:packed_mud":4,"minecraft:oak_log":8,"scalinghealth:bandages":5,"minecraft:gunpowder":7,"scalinghealth:heart_crystal":4,"vampirism:human_heart":7,"minecraft:stone_bricks":16,"minecraft:iron_ingot":3,"minecraft:cobweb":10,"tombstone:bag_of_seeds":1,"minecraft:gray_bed":1,"iceandfire:fire_dragon_flesh":2,"minecraft:acacia_sapling":7,"scalinghealth:heart_crystal_shard":9,"minecraft:smooth_basalt":3,"minecraft:emerald_block":1,"minecraft:torchflower_seeds":3,"minecraft:amethyst_shard":2,"minecraft:spruce_log":1,"minecraft:dark_oak_fence_gate":1,"minecraft:spruce_door":2,"minecraft:spider_eye":7,"minecraft:chainmail_leggings":1,"tombstone:magic_scroll":1,"minecraft:melon_seeds":2,"minecraft:coal":157,"minecraft:sunflower":3,"minecraft:ender_pearl":1},"minecraft:crafted":{"minecraft:oak_planks":32,"minecraft:cooked_mutton":1,"minecraft:glass":26,"minecraft:iron_boots":1,"minecraft:chest":2,"minecraft:glass_bottle":6,"minecraft:diamond_axe":1,"minecraft:crafting_table":10,"travelersbackpack:standard":1,"minecraft:wooden_pickaxe":1,"minecraft:iron_helmet":1,"minecraft:smithing_table":1,"minecraft:iron_chestplate":1,"minecraft:diamond_pickaxe":1,"minecraft:stick":84,"minecraft:iron_ingot":38,"minecraft:iron_pickaxe":1,"minecraft:gold_ingot":18,"minecraft:shears":1,"epicfight:diamond_greatsword":1,"minecraft:furnace":2,"travelersbackpack:blank_upgrade":4,"travelersbackpack:white_sleeping_bag":1,"minecraft:iron_axe":1,"minecraft:stone_pickaxe":1,"travelersbackpack:diamond_tier_upgrade":1,"minecraft:wheat":198,"minecraft:cooked_beef":14,"minecraft:coal_block":7,"travelersbackpack:backpack_tank":4,"scalinghealth:heart_crystal":1,"epicfight:stone_greatsword":1,"minecraft:stone_axe":1,"minecraft:bread":66,"minecraft:air":0,"minecraft:iron_leggings":1,"minecraft:acacia_planks":44,"minecraft:torch":84},"minecraft:dropped":{"iceandfire:raw_silver":2,"minecraft:acacia_wood":3,"minecraft:brown_mushroom":5,"minecraft:porkchop":3,"minecraft:cooked_beef":1,"minecraft:glow_ink_sac":2,"minecraft:ender_pearl":1,"minecraft:diamond":18,"vampirism:heart_seeker_enhanced":1,"iceandfire:fire_dragon_flesh":1,"minecraft:lantern":1,"minecraft:rooted_dirt":14,"minecraft:leather":7,"minecraft:cracked_stone_bricks":1,"minecraft:emerald":2,"minecraft:music_disc_13":1,"tombstone:bag_of_seeds":1,"minecraft:stone_button":1,"minecraft:cornflower":2,"minecraft:mutton":10,"minecraft:gold_nugget":5,"minecraft:amethyst_shard":2,"minecraft:sunflower":2,"minecraft:sand":20,"minecraft:iron_pickaxe":1,"minecraft:white_wool":1,"minecraft:bone":45,"minecraft:stone_axe":1,"minecraft:iron_nugget":1,"alexsmobs:animal_dictionary":1,"minecraft:cobbled_deepslate":423,"minecraft:wheat":2,"tombstone:gift":3,"minecraft:rotten_flesh":29,"iceandfire:shiny_scales":1,"minecraft:gunpowder":7,"vampirism:vampire_blood_bottle":1,"vampirism:vampire_fang":1,"vampirism:oil_bottle":1,"travelersbackpack:iron_golem":1,"minecraft:melon_seeds":2,"minecraft:stone_brick_wall":1,"minecraft:acacia_sapling":4,"minecraft:ladder":3,"minecraft:spruce_slab":3,"minecraft:arrow":4,"minecraft:beef":13,"vampirism:cobbled_dark_stone":1,"minecraft:enchanted_book":1,"minecraft:bread":59,"minecraft:stripped_spruce_log":2,"minecraft:wheat_seeds":22,"minecraft:mossy_cobblestone":3,"scalinghealth:cursed_heart":8,"minecraft:golden_horse_armor":1,"vampirism:hunter_axe_enhanced":1,"vampirism:hunter_coat_legs_ultimate":1,"minecraft:cobblestone":132,"iceandfire:cyclops_eye":1,"minecraft:coal":3,"minecraft:stick":9,"minecraft:cobweb":10,"ars_nouveau:worn_notebook":1,"minecraft:torch":25,"rpgsmw:edmantium":1,"minecraft:gray_bed":1,"ars_nouveau:music_disc_aria_biblio":1,"tombstone:grave_dust":15,"minecraft:potion":1,"epicfight:stone_greatsword":1,"minecraft:iron_axe":1,"vampirism:ring":1,"minecraft:chainmail_leggings":1,"minecraft:string":21,"iceandfire:dragon_skull_fire":1,"ars_nouveau:caster_tome":1,"iceandfire:dragonbone":24,"minecraft:redstone":24,"alexsmobs:acacia_blossom":1,"minecraft:raw_copper":13,"minecraft:cocoa_beans":2,"minecraft:deepslate":1,"vampirism:obi_belt":1,"minecraft:tuff":1,"vampirism:hunter_coat_head_ultimate":1,"minecraft:torchflower_seeds":3,"minecraft:shears":1,"crittersandcompanions:silk":3,"minecraft:hay_block":27,"minecraft:spruce_planks":1,"minecraft:bundle":2,"minecraft:andesite":6,"minecraft:spider_eye":7,"minecraft:stone_bricks":6,"minecraft:bamboo":1,"minecraft:spruce_log":1,"minecraft:bow":1,"minecraft:stone_pickaxe":1,"minecraft:wooden_pickaxe":1,"minecraft:magma_block":2,"scalinghealth:bandages":5,"iceandfire:dragon_skull_lightning":1,"epicfight:skillbook":5},"minecraft:used":{"minecraft:peony":1,"minecraft:chest":1,"minecraft:rotten_flesh":3,"minecraft:iron_chestplate":1,"paraglider:goddess_statue":2,"minecraft:mutton":5,"minecraft:carrot":1,"minecraft:acacia_sapling":3,"minecraft:tuff":2,"minecraft:lava_bucket":3,"minecraft:lantern":2,"minecraft:packed_mud":4,"minecraft:iron_helmet":1,"epicfight:diamond_greatsword":257,"minecraft:stone_bricks":10,"minecraft:item_frame":2,"minecraft:furnace":5,"minecraft:skeleton_skull":1,"epicfight:skillbook":6,"minecraft:spruce_door":2,"minecraft:oak_planks":6,"minecraft:stone_pickaxe":84,"minecraft:wooden_pickaxe":4,"vampirism:human_heart":7,"minecraft:diamond_axe":17,"minecraft:white_wool":5,"minecraft:sand":5,"minecraft:shears":10,"minecraft:stone_button":3,"minecraft:bread":36,"minecraft:string":5,"tombstone:grave_key":23,"minecraft:golden_helmet":1,"minecraft:fire_charge":1,"minecraft:smithing_table":2,"minecraft:andesite":4,"minecraft:white_concrete":3,"minecraft:experience_bottle":3,"minecraft:oak_fence":10,"minecraft:redstone":5,"tombstone:scroll_of_frost_resistance":2,"minecraft:spruce_planks":1,"minecraft:torch":74,"minecraft:dirt":221,"scalinghealth:heart_crystal":5,"minecraft:iron_axe":5,"minecraft:rooted_dirt":1,"minecraft:iron_boots":1,"epicfight:stone_greatsword":50,"minecraft:smooth_basalt":3,"minecraft:beef":1,"tombstone:gift":3,"minecraft:cooked_beef":14,"minecraft:cobbled_deepslate":45,"minecraft:iron_leggings":1,"minecraft:cooked_mutton":1,"minecraft:water_bucket":9,"iceandfire:fire_dragon_flesh":1,"iceandfire:dragon_skull_lightning":1,"minecraft:rail":1,"minecraft:crafting_table":12,"minecraft:dark_oak_fence_gate":1,"minecraft:diamond_pickaxe":345,"minecraft:sunflower":1,"minecraft:iron_pickaxe":141,"tombstone:magic_scroll":1,"minecraft:spruce_trapdoor":1,"minecraft:stone_axe":36,"minecraft:cobblestone":71,"minecraft:porkchop":9,"minecraft:bucket":14,"alexsmobs:animal_dictionary":1},"minecraft:killed":{"vampirism:vampire":3,"minecraft:cave_spider":1,"vampirism:advanced_vampire":1,"minecraft:spider":13,"minecraft:skeleton":13,"vampirism:blinding_bat":1,"minecraft:skeleton_horse":1,"minecraft:pig":7,"vampirism:hunter":18,"minecraft:sheep":5,"minecraft:zombie":25,"alexsmobs:terrapin":1,"minecraft:cow":11,"iceandfire:fire_dragon":1,"vampirism:villager_angry":2,"endermanoverhaul:cave_enderman":1,"minecraft:villager":1}},"DataVersion":3465}