{"stats":{"minecraft:used":{"minecraft:iron_sword":23,"minecraft:stone_hoe":54,"minecraft:torch":46,"minecraft:dirt":27,"minecraft:acacia_sapling":3,"minecraft:iron_boots":1,"minecraft:furnace":4,"tombstone:gift":3,"minecraft:cooked_beef":7,"epicfight:skillbook":2,"minecraft:stone_pickaxe":108,"minecraft:wooden_pickaxe":20,"iceandfire:dragon_skull_lightning":1,"vampirism:hunter_coat_head_ultimate":1,"minecraft:crafting_table":5,"minecraft:zombie_head":1,"minecraft:iron_pickaxe":43,"minecraft:iron_door":1,"minecraft:gravel":20,"minecraft:stone_axe":29,"vampirism:garlic_bread":6,"minecraft:cobblestone":45,"minecraft:potion":1,"minecraft:cooked_porkchop":3,"minecraft:pumpkin_pie":1,"alexsmobs:animal_dictionary":1},"minecraft:dropped":{"minecraft:enchanted_book":1,"minecraft:stone_hoe":1,"minecraft:wheat_seeds":4,"minecraft:glass_bottle":1,"minecraft:cobblestone":66,"minecraft:chest_minecart":2,"minecraft:copper_ingot":1,"minecraft:rail":6,"minecraft:torch":2,"tombstone:grave_dust":3,"minecraft:gravel":1,"alexsmobs:centipede_leg":2,"minecraft:oak_trapdoor":2,"alexsmobs:acacia_blossom":6,"minecraft:detector_rail":1,"alexsmobs:animal_dictionary":1,"minecraft:raw_copper":13,"minecraft:rotten_flesh":25,"minecraft:oak_planks":2,"minecraft:pumpkin_seeds":2,"minecraft:gunpowder":3,"minecraft:spruce_planks":3,"minecraft:beetroot_seeds":4,"minecraft:melon_seeds":9,"minecraft:acacia_sapling":6,"minecraft:stone_bricks":2,"minecraft:spider_eye":6,"minecraft:spruce_slab":3,"minecraft:spruce_log":1,"minecraft:wooden_pickaxe":1,"minecraft:stone_brick_stairs":2,"epicfight:skillbook":1},"minecraft:picked_up":{"iceandfire:dragon_skull_lightning":1,"minecraft:crafting_table":2,"minecraft:wheat":2,"minecraft:chest_minecart":2,"minecraft:wooden_pickaxe":1,"minecraft:potion":1,"minecraft:enchanted_book":1,"minecraft:stone_brick_stairs":2,"vampirism:hunter_coat_head_ultimate":1,"minecraft:oak_trapdoor":2,"minecraft:string":3,"minecraft:raw_copper":13,"minecraft:zombie_head":2,"minecraft:cobbled_deepslate":27,"minecraft:detector_rail":2,"minecraft:spruce_planks":3,"minecraft:beef":6,"minecraft:iron_pickaxe":1,"minecraft:spruce_slab":3,"minecraft:iron_boots":1,"minecraft:furnace":4,"minecraft:stick":2,"minecraft:raw_iron":20,"iceandfire:dragonbone":4,"minecraft:copper_ingot":1,"minecraft:torch":31,"minecraft:acacia_log":3,"epicfight:skillbook":2,"tombstone:grave_dust":1,"alexsmobs:centipede_leg":2,"ars_nouveau:green_archwood_log":13,"minecraft:arrow":1,"minecraft:rotten_flesh":24,"minecraft:beetroot_seeds":4,"minecraft:pumpkin_pie":1,"minecraft:hay_block":50,"rpgsmw:edmantium":2,"minecraft:rail":12,"minecraft:cobblestone":195,"minecraft:cooked_beef":1,"minecraft:iron_door":1,"minecraft:leather":3,"alexsmobs:acacia_blossom":6,"minecraft:smoker":1,"minecraft:oak_log":3,"minecraft:gunpowder":4,"minecraft:lapis_lazuli":5,"minecraft:dirt":10,"minecraft:blue_bed":1,"minecraft:lantern":1,"tombstone:gift":1,"minecraft:bone":2,"minecraft:stone_bricks":2,"minecraft:wheat_seeds":7,"vampirism:hunter_axe_enhanced":2,"minecraft:acacia_sapling":9,"minecraft:oak_planks":17,"minecraft:book":13,"minecraft:gravel":24,"minecraft:sand":8,"vampirism:crucifix_normal":1,"minecraft:stripped_spruce_log":2,"minecraft:spruce_log":1,"minecraft:spider_eye":6,"minecraft:pumpkin_seeds":2,"minecraft:melon_seeds":9,"minecraft:coal":93,"minecraft:ender_pearl":1},"minecraft:mined":{"minecraft:deepslate_diamond_ore":1,"minecraft:acacia_log":2,"minecraft:grass_block":4,"minecraft:hay_block":50,"minecraft:furnace":4,"minecraft:iron_ore":3,"minecraft:fire":44,"minecraft:stripped_spruce_log":3,"minecraft:deepslate_lapis_ore":1,"biomesoplenty:high_grass":27,"minecraft:deepslate_iron_ore":16,"minecraft:rail":1,"minecraft:lantern":1,"minecraft:stone":70,"minecraft:acacia_leaves":1,"ars_nouveau:green_archwood_log":13,"minecraft:smoker":1,"minecraft:crafting_table":2,"minecraft:torch":4,"biomesoplenty:high_grass_plant":46,"minecraft:tall_grass":7,"minecraft:cobblestone":2,"biomesoplenty:huge_clover_petal":1,"minecraft:iron_door":1,"minecraft:blue_bed":1,"minecraft:wall_torch":1,"rpgsmw:mineral_ore":2,"minecraft:wheat":1,"minecraft:spruce_log":1,"minecraft:grass":14,"minecraft:oak_log":3,"minecraft:coal_ore":38,"minecraft:zombie_head":1,"minecraft:gravel":8,"minecraft:sand":8,"minecraft:dirt":6,"minecraft:cobweb":1,"minecraft:zombie_wall_head":1,"minecraft:deepslate":22},"minecraft:killed":{"minecraft:cave_spider":1,"minecraft:skeleton":1,"minecraft:creeper":1,"minecraft:zombie":4,"minecraft:cow":3},"minecraft:crafted":{"minecraft:oak_planks":8,"vampirism:injection_garlic":1,"minecraft:furnace":2,"minecraft:glass_pane":16,"vampirism:injection_empty":1,"minecraft:glass":8,"minecraft:stone_pickaxe":1,"minecraft:stone_hoe":1,"minecraft:cooked_beef":6,"minecraft:cooked_porkchop":3,"minecraft:crafting_table":3,"minecraft:iron_sword":1,"minecraft:stone_axe":1,"minecraft:air":0,"minecraft:stick":12,"minecraft:iron_ingot":4,"minecraft:acacia_planks":12,"minecraft:torch":20},"minecraft:killed_by":{"minecraft:player":6,"minecraft:zombie":2},"minecraft:custom":{"minecraft:mob_kills":11,"minecraft:interact_with_crafting_table":12,"minecraft:open_barrel":1,"minecraft:leave_game":5,"minecraft:time_since_death":28567,"minecraft:climb_one_cm":4894,"minecraft:sprint_one_cm":526105,"minecraft:walk_one_cm":603256,"minecraft:drop":72,"vampirism:skills_unlocked":1,"minecraft:damage_dealt_absorbed":132,"minecraft:talked_to_villager":1,"minecraft:play_time":103792,"minecraft:deaths":17,"minecraft:sneak_time":6978,"minecraft:walk_under_water_one_cm":30478,"minecraft:jump":1478,"minecraft:walk_on_water_one_cm":18853,"minecraft:total_world_time":103792,"vampirism:interact_with_injection_chair":1,"minecraft:interact_with_furnace":17,"vampirism:interact_with_garlic_diffuser":1,"minecraft:time_since_rest":28250,"minecraft:damage_taken":3866,"minecraft:damage_dealt":1781,"minecraft:swim_one_cm":24888,"minecraft:fly_one_cm":483769,"minecraft:open_chest":23,"minecraft:crouch_one_cm":46550,"tombstone:undead_killed":5,"minecraft:interact_with_smoker":1,"minecraft:fall_one_cm":39384}},"DataVersion":3465}