{"stats":{"minecraft:mined":{"minecraft:deepslate_diamond_ore":1,"minecraft:acacia_log":2,"minecraft:grass_block":4,"minecraft:hay_block":50,"minecraft:furnace":4,"minecraft:iron_ore":28,"minecraft:fire":44,"minecraft:stripped_spruce_log":3,"minecraft:deepslate_lapis_ore":1,"biomesoplenty:high_grass":75,"minecraft:deepslate_iron_ore":20,"minecraft:rail":1,"biomesoplenty:webbing":6,"minecraft:lantern":1,"biomesoplenty:spider_egg":4,"minecraft:stone":72,"minecraft:acacia_leaves":1,"ars_nouveau:green_archwood_log":13,"minecraft:smoker":1,"minecraft:crafting_table":2,"minecraft:torch":5,"biomesoplenty:high_grass_plant":82,"minecraft:tall_grass":23,"minecraft:cobblestone":2,"minecraft:deepslate_gold_ore":1,"biomesoplenty:huge_clover_petal":1,"minecraft:iron_door":1,"minecraft:blue_bed":1,"minecraft:wall_torch":3,"minecraft:seagrass":1,"rpgsmw:mineral_ore":2,"minecraft:wheat":1,"minecraft:spruce_log":1,"minecraft:grass":55,"minecraft:oak_log":3,"minecraft:coal_ore":54,"minecraft:zombie_head":1,"minecraft:gravel":8,"minecraft:sand":22,"minecraft:dirt":8,"biomesoplenty:stringy_cobweb":1,"minecraft:cobweb":1,"minecraft:zombie_wall_head":1,"minecraft:deepslate":28},"minecraft:custom":{"minecraft:mob_kills":19,"minecraft:interact_with_crafting_table":24,"minecraft:open_barrel":1,"minecraft:leave_game":5,"minecraft:time_since_death":601,"minecraft:climb_one_cm":4894,"minecraft:sprint_one_cm":593503,"minecraft:walk_one_cm":728024,"minecraft:drop":79,"vampirism:skills_unlocked":3,"minecraft:damage_dealt_absorbed":132,"minecraft:talked_to_villager":1,"minecraft:play_time":132848,"minecraft:deaths":19,"minecraft:sneak_time":7802,"minecraft:walk_under_water_one_cm":33679,"minecraft:jump":1814,"minecraft:walk_on_water_one_cm":25597,"minecraft:total_world_time":132848,"vampirism:interact_with_injection_chair":1,"minecraft:interact_with_furnace":45,"vampirism:interact_with_garlic_diffuser":1,"minecraft:time_since_rest":366,"minecraft:damage_taken":5004,"minecraft:damage_dealt":3173,"minecraft:swim_one_cm":53551,"minecraft:fly_one_cm":563084,"minecraft:open_chest":23,"minecraft:crouch_one_cm":51420,"tombstone:undead_killed":8,"minecraft:interact_with_smoker":1,"minecraft:fall_one_cm":57841},"minecraft:killed":{"minecraft:cave_spider":4,"minecraft:skeleton":2,"minecraft:creeper":2,"minecraft:zombie":6,"alexsmobs:crow":1,"minecraft:cow":3},"minecraft:killed_by":{"minecraft:player":6,"minecraft:zombie":2},"minecraft:picked_up":{"iceandfire:dragon_skull_lightning":1,"minecraft:crafting_table":2,"minecraft:wheat":3,"minecraft:chest_minecart":2,"minecraft:wooden_pickaxe":1,"minecraft:potion":1,"minecraft:enchanted_book":1,"minecraft:stone_brick_stairs":2,"vampirism:hunter_coat_head_ultimate":1,"minecraft:oak_trapdoor":2,"minecraft:string":13,"minecraft:raw_copper":13,"minecraft:zombie_head":2,"minecraft:cobbled_deepslate":33,"minecraft:detector_rail":2,"minecraft:spruce_planks":3,"minecraft:beef":6,"minecraft:iron_pickaxe":1,"minecraft:spruce_slab":3,"minecraft:iron_boots":1,"minecraft:furnace":4,"minecraft:stick":2,"minecraft:raw_iron":49,"iceandfire:dragonbone":4,"minecraft:copper_ingot":1,"minecraft:torch":34,"minecraft:acacia_log":3,"epicfight:skillbook":2,"tombstone:grave_dust":1,"alexsmobs:centipede_leg":2,"ars_nouveau:green_archwood_log":13,"minecraft:arrow":1,"minecraft:rotten_flesh":24,"minecraft:beetroot_seeds":4,"minecraft:pumpkin_pie":1,"minecraft:hay_block":50,"rpgsmw:edmantium":2,"minecraft:rail":12,"minecraft:cobblestone":202,"minecraft:cooked_beef":1,"minecraft:iron_door":1,"minecraft:leather":7,"alexsmobs:acacia_blossom":6,"minecraft:smoker":1,"scalinghealth:bandages":2,"minecraft:oak_log":3,"minecraft:gunpowder":4,"minecraft:lapis_lazuli":5,"minecraft:dirt":12,"minecraft:blue_bed":1,"minecraft:lantern":1,"tombstone:gift":1,"minecraft:bone":2,"minecraft:stone_bricks":2,"minecraft:wheat_seeds":14,"minecraft:raw_gold":1,"vampirism:hunter_axe_enhanced":2,"minecraft:acacia_sapling":9,"minecraft:oak_planks":17,"minecraft:book":13,"minecraft:gravel":24,"minecraft:sand":22,"vampirism:crucifix_normal":1,"minecraft:stripped_spruce_log":2,"minecraft:spruce_log":1,"minecraft:spider_eye":7,"minecraft:pumpkin_seeds":2,"scalinghealth:cursed_heart":2,"minecraft:melon_seeds":9,"minecraft:coal":109,"minecraft:ender_pearl":1},"minecraft:dropped":{"minecraft:enchanted_book":1,"minecraft:stone_hoe":1,"minecraft:wheat_seeds":11,"minecraft:glass_bottle":1,"minecraft:cobblestone":66,"minecraft:chest_minecart":2,"minecraft:copper_ingot":1,"minecraft:rail":6,"minecraft:torch":2,"tombstone:grave_dust":3,"minecraft:string":7,"minecraft:gravel":1,"alexsmobs:centipede_leg":2,"minecraft:oak_trapdoor":2,"alexsmobs:acacia_blossom":6,"minecraft:detector_rail":1,"alexsmobs:animal_dictionary":1,"minecraft:raw_copper":13,"minecraft:wheat":1,"minecraft:rotten_flesh":25,"minecraft:oak_planks":3,"minecraft:pumpkin_seeds":2,"minecraft:gunpowder":3,"minecraft:spruce_planks":3,"minecraft:beetroot_seeds":4,"minecraft:melon_seeds":9,"minecraft:acacia_sapling":6,"minecraft:stone_bricks":2,"minecraft:spider_eye":6,"minecraft:spruce_slab":3,"minecraft:spruce_log":1,"minecraft:wooden_pickaxe":1,"minecraft:stone_brick_stairs":2,"scalinghealth:bandages":2,"epicfight:skillbook":1},"minecraft:crafted":{"minecraft:oak_planks":16,"vampirism:injection_garlic":1,"epicfight:iron_spear":1,"minecraft:furnace":2,"minecraft:glass_pane":16,"vampirism:injection_empty":1,"minecraft:glass":20,"minecraft:stone_pickaxe":1,"minecraft:stone_hoe":1,"minecraft:wheat":450,"minecraft:cooked_beef":6,"minecraft:cooked_porkchop":3,"minecraft:crafting_table":5,"travelersbackpack:backpack_tank":2,"minecraft:iron_sword":1,"minecraft:stone_axe":1,"minecraft:bread":139,"minecraft:air":0,"minecraft:white_wool":2,"minecraft:stick":44,"minecraft:iron_ingot":6,"minecraft:gold_ingot":1,"minecraft:acacia_planks":12,"minecraft:torch":140},"minecraft:used":{"minecraft:iron_sword":23,"minecraft:stone_hoe":54,"minecraft:torch":86,"minecraft:dirt":29,"minecraft:acacia_sapling":3,"minecraft:iron_boots":1,"minecraft:furnace":6,"tombstone:gift":3,"minecraft:cooked_beef":7,"epicfight:skillbook":2,"epicfight:iron_spear":29,"minecraft:stone_pickaxe":108,"minecraft:ender_pearl":1,"minecraft:wooden_pickaxe":20,"iceandfire:dragon_skull_lightning":1,"vampirism:hunter_coat_head_ultimate":1,"minecraft:crafting_table":7,"scalinghealth:cursed_heart":2,"minecraft:zombie_head":2,"minecraft:bread":7,"minecraft:iron_pickaxe":99,"minecraft:iron_door":1,"minecraft:gravel":20,"minecraft:stone_axe":29,"vampirism:garlic_bread":6,"minecraft:cobblestone":47,"minecraft:potion":1,"minecraft:cooked_porkchop":3,"minecraft:pumpkin_pie":1,"alexsmobs:animal_dictionary":1}},"DataVersion":3465}