{"stats":{"minecraft:killed":{"vampirism:vampire":1,"alexsmobs:raccoon":1,"minecraft:spider":4,"minecraft:skeleton":10,"minecraft:pig":11,"vampirism:hunter":5,"minecraft:zombie":9,"minecraft:cow":10},"minecraft:dropped":{"minecraft:water_bucket":2,"minecraft:iron_ingot":2,"minecraft:iron_sword":2,"minecraft:wheat_seeds":3,"vampirism:armor_of_swiftness_legs_ultimate":2,"vampirism:human_heart":2,"scalinghealth:cursed_heart":1,"minecraft:leather":2,"minecraft:spruce_stairs":1,"minecraft:stick":1,"minecraft:cobweb":10,"ars_nouveau:worn_notebook":1,"minecraft:iron_leggings":1,"minecraft:sunflower":1,"minecraft:sand":6,"minecraft:iron_pickaxe":1,"vampirism:ring":1,"minecraft:string":6,"minecraft:acacia_planks":42,"minecraft:gray_carpet":2,"minecraft:cyan_carpet":2,"minecraft:bone":7,"minecraft:redstone":46,"minecraft:coarse_dirt":2,"alexsmobs:animal_dictionary":1,"minecraft:cobbled_deepslate":64,"minecraft:dark_oak_sign":3,"minecraft:cocoa_beans":1,"minecraft:tuff":1,"minecraft:raw_iron":2,"minecraft:rotten_flesh":22,"minecraft:pumpkin_seeds":2,"crittersandcompanions:silk":4,"minecraft:gunpowder":4,"vampirism:vampire_fang":1,"minecraft:iron_chestplate":1,"minecraft:melon_seeds":3,"minecraft:acacia_sapling":2,"minecraft:stone_pickaxe":1,"minecraft:beef":1,"minecraft:raw_gold":3,"scalinghealth:bandages":5,"minecraft:cyan_bed":1},"minecraft:picked_up":{"ars_nouveau:caster_tome":1,"minecraft:cocoa_beans":1,"minecraft:coarse_dirt":2,"minecraft:crafting_table":2,"minecraft:string":16,"minecraft:flint_and_steel":1,"minecraft:cyan_carpet":2,"minecraft:cobbled_deepslate":239,"minecraft:beef":19,"minecraft:furnace":2,"minecraft:raw_iron":39,"minecraft:torch":61,"minecraft:acacia_log":32,"minecraft:spruce_stairs":1,"epicfight:skillbook":1,"minecraft:porkchop":22,"vampirism:vampire_fang":1,"minecraft:redstone":54,"minecraft:arrow":3,"minecraft:rotten_flesh":26,"minecraft:hay_block":41,"crittersandcompanions:silk":8,"minecraft:white_wool":1,"minecraft:cobblestone":83,"minecraft:andesite":12,"minecraft:leather":6,"minecraft:tuff":58,"scalinghealth:bandages":5,"vampirism:armor_of_swiftness_legs_ultimate":2,"minecraft:gunpowder":4,"scalinghealth:heart_crystal":1,"minecraft:dirt":163,"minecraft:lantern":1,"scalinghealth:medkit":1,"minecraft:bone":7,"vampirism:human_heart":3,"minecraft:acacia_planks":44,"minecraft:gray_carpet":2,"minecraft:wheat_seeds":3,"minecraft:raw_gold":6,"minecraft:cobweb":20,"minecraft:dark_oak_sign":3,"minecraft:iron_ingot":34,"tombstone:bag_of_seeds":1,"minecraft:acacia_sapling":2,"minecraft:iron_sword":1,"scalinghealth:heart_crystal_shard":9,"vampirism:ring":1,"minecraft:torchflower_seeds":2,"minecraft:sand":18,"minecraft:spruce_log":8,"minecraft:cyan_bed":1,"minecraft:dark_oak_log":11,"minecraft:spider_eye":1,"travelersbackpack:standard":1,"minecraft:pumpkin_seeds":2,"minecraft:diamond":7,"minecraft:bread":1,"scalinghealth:cursed_heart":2,"minecraft:baked_potato":1,"minecraft:melon_seeds":3,"minecraft:coal":34,"iceandfire:raw_silver":4,"minecraft:sunflower":1,"ars_nouveau:magebloom_crop":1},"minecraft:killed_by":{"minecraft:zombie":2},"minecraft:mined":{"minecraft:dark_oak_planks":5,"minecraft:tuff":17,"minecraft:spruce_planks":1,"iceandfire:silver_ore":4,"minecraft:deepslate_diamond_ore":4,"minecraft:dark_oak_log":12,"minecraft:glow_lichen":1,"travelersbackpack:iron_golem":2,"minecraft:acacia_log":33,"minecraft:grass_block":5,"minecraft:spruce_leaves":1,"minecraft:large_fern":1,"minecraft:hay_block":42,"minecraft:redstone_ore":2,"minecraft:furnace":2,"minecraft:iron_ore":6,"minecraft:cobbled_deepslate":1,"minecraft:andesite":1,"minecraft:vine":1,"minecraft:deepslate_iron_ore":11,"crittersandcompanions:silk_cocoon":1,"minecraft:white_wool":1,"minecraft:stone":65,"minecraft:deepslate_redstone_ore":12,"minecraft:acacia_leaves":9,"travelersbackpack:standard":1,"minecraft:crafting_table":2,"minecraft:torch":10,"minecraft:cobblestone":7,"minecraft:tall_grass":7,"minecraft:deepslate_coal_ore":23,"biomesoplenty:huge_clover_petal":2,"minecraft:cyan_bed":1,"minecraft:deepslate_gold_ore":4,"minecraft:wall_torch":8,"minecraft:spruce_stairs":1,"minecraft:spruce_log":8,"minecraft:mangrove_leaves":1,"minecraft:grass":37,"biomesoplenty:clover":3,"minecraft:coal_ore":12,"minecraft:sand":15,"minecraft:cyan_carpet":1,"minecraft:dirt":16,"minecraft:cobweb":10,"minecraft:acacia_planks":1,"minecraft:oak_leaves":1,"minecraft:deepslate":102,"minecraft:infested_stone":1},"minecraft:crafted":{"minecraft:furnace":3,"minecraft:glass":12,"travelersbackpack:white_sleeping_bag":1,"minecraft:iron_boots":1,"minecraft:stone_pickaxe":1,"minecraft:chest":1,"minecraft:dark_oak_planks":44,"minecraft:stone_hoe":1,"minecraft:wheat":216,"minecraft:cooked_beef":16,"minecraft:diamond_sword":1,"epicfight:diamond_longsword":1,"minecraft:cooked_porkchop":22,"minecraft:crafting_table":8,"minecraft:spruce_planks":32,"travelersbackpack:backpack_tank":2,"travelersbackpack:standard":1,"minecraft:wooden_pickaxe":1,"minecraft:iron_helmet":1,"minecraft:iron_sword":1,"scalinghealth:heart_crystal":1,"minecraft:bucket":3,"minecraft:stone_axe":1,"minecraft:bread":72,"minecraft:air":0,"minecraft:white_wool":2,"minecraft:iron_chestplate":2,"minecraft:diamond_pickaxe":1,"minecraft:stick":68,"minecraft:iron_ingot":28,"minecraft:iron_pickaxe":1,"minecraft:gold_ingot":3,"minecraft:iron_leggings":2,"minecraft:acacia_planks":120,"minecraft:torch":88},"minecraft:used":{"minecraft:acacia_log":2,"minecraft:flint_and_steel":1,"minecraft:redstone":8,"minecraft:spruce_planks":11,"minecraft:iron_sword":178,"minecraft:stone_hoe":34,"minecraft:rotten_flesh":4,"minecraft:torch":57,"minecraft:dirt":70,"scalinghealth:heart_crystal":2,"minecraft:carrot":25,"minecraft:tuff":57,"minecraft:furnace":4,"tombstone:gift":1,"minecraft:acacia_planks":15,"minecraft:cooked_beef":2,"minecraft:cobbled_deepslate":71,"minecraft:water_bucket":1,"epicfight:skillbook":1,"minecraft:baked_potato":1,"minecraft:stone_pickaxe":32,"minecraft:wooden_pickaxe":11,"vampirism:human_heart":1,"minecraft:crafting_table":10,"scalinghealth:cursed_heart":1,"minecraft:cake":2,"tombstone:bag_of_seeds":1,"minecraft:bread":24,"minecraft:iron_pickaxe":242,"minecraft:stone_axe":107,"minecraft:cobblestone":58,"minecraft:cooked_porkchop":21,"minecraft:andesite":12,"minecraft:bucket":10,"minecraft:pumpkin_pie":7,"epicfight:diamond_longsword":65,"alexsmobs:animal_dictionary":3,"minecraft:cobweb":10},"minecraft:custom":{"minecraft:mob_kills":52,"minecraft:interact_with_crafting_table":28,"minecraft:open_barrel":12,"minecraft:damage_dealt_resisted":568,"minecraft:eat_cake_slice":8,"minecraft:leave_game":3,"minecraft:time_since_death":9218,"minecraft:climb_one_cm":1008,"minecraft:sprint_one_cm":360709,"minecraft:walk_one_cm":586888,"minecraft:drop":64,"minecraft:damage_dealt_absorbed":503,"minecraft:talked_to_villager":1,"minecraft:play_time":115218,"minecraft:deaths":5,"minecraft:sneak_time":1024,"minecraft:walk_under_water_one_cm":31160,"minecraft:jump":2165,"minecraft:interact_with_blast_furnace":1,"minecraft:walk_on_water_one_cm":24925,"minecraft:total_world_time":115218,"vampirism:blood_drunk":2000,"minecraft:interact_with_furnace":42,"minecraft:time_since_rest":7326,"minecraft:damage_taken":6123,"minecraft:damage_dealt":13035,"minecraft:swim_one_cm":12940,"minecraft:fly_one_cm":619702,"minecraft:open_chest":10,"minecraft:crouch_one_cm":6364,"tombstone:undead_killed":19,"minecraft:fall_one_cm":83724}},"DataVersion":3465}