{"stats":{"minecraft:killed":{"vampirism:vampire":2,"alexsmobs:raccoon":1,"minecraft:spider":8,"minecraft:skeleton":10,"minecraft:drowned":1,"minecraft:pig":12,"minecraft:creeper":1,"vampirism:hunter":11,"minecraft:zombie":9,"minecraft:cow":10},"minecraft:dropped":{"minecraft:iron_ingot":2,"minecraft:water_bucket":2,"minecraft:iron_sword":2,"minecraft:wheat_seeds":5,"vampirism:armor_of_swiftness_legs_ultimate":2,"vampirism:human_heart":2,"scalinghealth:cursed_heart":2,"minecraft:leather":2,"minecraft:spruce_stairs":1,"minecraft:stick":1,"minecraft:cobweb":10,"ars_nouveau:worn_notebook":1,"tombstone:grave_dust":2,"minecraft:iron_leggings":1,"minecraft:sunflower":1,"minecraft:sand":6,"minecraft:iron_pickaxe":1,"vampirism:ring":2,"minecraft:string":6,"minecraft:gray_carpet":2,"minecraft:acacia_planks":42,"minecraft:cyan_carpet":2,"minecraft:redstone":46,"minecraft:bone":8,"minecraft:coarse_dirt":2,"alexsmobs:animal_dictionary":1,"minecraft:cobbled_deepslate":64,"minecraft:dark_oak_sign":3,"minecraft:cocoa_beans":1,"minecraft:tuff":1,"minecraft:raw_iron":2,"minecraft:rotten_flesh":22,"minecraft:clay_ball":2,"minecraft:white_bed":1,"minecraft:pumpkin_seeds":2,"crittersandcompanions:silk":4,"minecraft:gunpowder":4,"vampirism:vampire_fang":1,"minecraft:iron_chestplate":1,"minecraft:melon_seeds":3,"minecraft:acacia_sapling":2,"minecraft:ladder":1,"minecraft:beef":1,"minecraft:stone_pickaxe":1,"minecraft:raw_gold":3,"scalinghealth:bandages":5,"minecraft:cyan_bed":1},"minecraft:broken":{"minecraft:iron_helmet":1},"minecraft:picked_up":{"ars_nouveau:caster_tome":1,"minecraft:cocoa_beans":1,"minecraft:crafting_table":2,"minecraft:coarse_dirt":2,"minecraft:clay_ball":2,"minecraft:ladder":1,"minecraft:anvil":1,"minecraft:string":22,"minecraft:flint_and_steel":1,"minecraft:cyan_carpet":2,"minecraft:gold_nugget":10,"minecraft:cobbled_deepslate":266,"minecraft:beef":19,"minecraft:acacia_fence_gate":3,"biomemakeover:willow_log":1,"crittersandcompanions:clam":1,"minecraft:furnace":2,"minecraft:raw_iron":39,"minecraft:torch":111,"minecraft:acacia_log":32,"minecraft:spruce_stairs":1,"epicfight:skillbook":1,"minecraft:porkchop":26,"tombstone:grave_dust":2,"vampirism:vampire_fang":2,"minecraft:redstone":54,"minecraft:arrow":4,"minecraft:rotten_flesh":26,"minecraft:hay_block":44,"crittersandcompanions:silk":8,"minecraft:white_terracotta":2,"minecraft:white_wool":1,"minecraft:cobblestone":242,"minecraft:andesite":12,"minecraft:leather":6,"minecraft:tuff":58,"minecraft:oak_log":15,"scalinghealth:bandages":11,"minecraft:cobblestone_wall":1,"vampirism:armor_of_swiftness_legs_ultimate":2,"minecraft:gunpowder":4,"scalinghealth:heart_crystal":1,"minecraft:dirt":174,"minecraft:lantern":3,"scalinghealth:medkit":1,"minecraft:bone":8,"vampirism:human_heart":4,"minecraft:acacia_planks":44,"minecraft:stone_bricks":5,"minecraft:gray_carpet":2,"minecraft:wheat_seeds":5,"minecraft:raw_gold":6,"minecraft:cobbled_deepslate_slab":2,"minecraft:iron_ingot":34,"minecraft:dark_oak_sign":3,"minecraft:cobweb":20,"tombstone:bag_of_seeds":1,"minecraft:iron_sword":1,"minecraft:acacia_sapling":2,"minecraft:oak_slab":2,"scalinghealth:heart_crystal_shard":15,"minecraft:cooked_porkchop":1,"vampirism:ring":2,"minecraft:torchflower_seeds":2,"minecraft:sand":18,"minecraft:white_bed":2,"minecraft:spruce_log":8,"minecraft:cyan_bed":1,"minecraft:dark_oak_log":11,"minecraft:spider_eye":2,"travelersbackpack:standard":4,"minecraft:pumpkin_seeds":2,"minecraft:diamond":7,"scalinghealth:cursed_heart":3,"minecraft:bread":1,"minecraft:baked_potato":1,"minecraft:damaged_anvil":1,"minecraft:melon_seeds":3,"minecraft:coal":35,"iceandfire:raw_silver":4,"minecraft:sunflower":1,"ars_nouveau:magebloom_crop":1},"minecraft:killed_by":{"minecraft:zombie":2},"minecraft:mined":{"minecraft:dark_oak_planks":5,"minecraft:tuff":17,"minecraft:spruce_planks":1,"minecraft:white_bed":1,"iceandfire:silver_ore":4,"minecraft:deepslate_diamond_ore":4,"minecraft:dark_oak_log":12,"minecraft:glow_lichen":1,"minecraft:cobbled_deepslate_slab":2,"travelersbackpack:iron_golem":2,"minecraft:acacia_log":33,"minecraft:grass_block":6,"minecraft:spruce_leaves":1,"minecraft:large_fern":1,"minecraft:hay_block":45,"minecraft:redstone_ore":2,"minecraft:furnace":2,"minecraft:iron_ore":6,"minecraft:cobbled_deepslate":20,"minecraft:andesite":1,"minecraft:anvil":1,"minecraft:vine":1,"iceandfire:gold_pile":1,"minecraft:deepslate_iron_ore":11,"crittersandcompanions:silk_cocoon":1,"minecraft:stone":67,"minecraft:white_wool":1,"minecraft:deepslate_redstone_ore":12,"minecraft:acacia_leaves":9,"travelersbackpack:standard":4,"minecraft:crafting_table":2,"minecraft:torch":10,"minecraft:tall_grass":12,"minecraft:deepslate_coal_ore":23,"minecraft:cobblestone":180,"minecraft:deepslate_gold_ore":4,"minecraft:cyan_bed":1,"biomesoplenty:huge_clover_petal":2,"minecraft:damaged_anvil":1,"minecraft:wall_torch":8,"biomemakeover:willow_log":1,"minecraft:spruce_stairs":1,"minecraft:cobblestone_wall":1,"minecraft:acacia_fence_gate":3,"minecraft:spruce_log":8,"minecraft:mangrove_leaves":1,"minecraft:grass":56,"biomesoplenty:clover":3,"minecraft:oak_log":3,"minecraft:coal_ore":13,"minecraft:cyan_carpet":1,"minecraft:sand":15,"minecraft:dirt":21,"minecraft:cobweb":10,"minecraft:acacia_planks":1,"minecraft:oak_leaves":1,"minecraft:deepslate":102,"biomemakeover:willow_leaves":2,"minecraft:infested_stone":1},"minecraft:crafted":{"minecraft:cobbled_deepslate_slab":84,"minecraft:furnace":3,"minecraft:acacia_fence_gate":2,"biomemakeover:willow_planks":4,"minecraft:glass":12,"travelersbackpack:white_sleeping_bag":1,"minecraft:iron_boots":1,"minecraft:stone_pickaxe":1,"minecraft:cobblestone_wall":66,"minecraft:chest":1,"minecraft:dark_oak_planks":44,"minecraft:stone_hoe":1,"minecraft:wheat":216,"minecraft:cooked_beef":16,"minecraft:diamond_sword":1,"minecraft:cooked_porkchop":22,"epicfight:diamond_longsword":1,"minecraft:crafting_table":10,"minecraft:spruce_planks":32,"travelersbackpack:backpack_tank":2,"minecraft:iron_helmet":1,"minecraft:wooden_pickaxe":1,"travelersbackpack:standard":1,"minecraft:iron_sword":1,"scalinghealth:heart_crystal":1,"minecraft:bucket":3,"minecraft:stone_axe":1,"minecraft:bread":72,"minecraft:air":0,"minecraft:white_wool":2,"minecraft:iron_chestplate":2,"minecraft:diamond_pickaxe":1,"minecraft:stick":68,"minecraft:iron_ingot":28,"minecraft:iron_pickaxe":1,"minecraft:iron_leggings":2,"minecraft:gold_ingot":3,"minecraft:acacia_planks":120,"minecraft:torch":88},"minecraft:used":{"minecraft:acacia_log":2,"minecraft:flint_and_steel":1,"minecraft:redstone":8,"minecraft:spruce_planks":11,"minecraft:iron_sword":178,"minecraft:stone_hoe":38,"minecraft:rotten_flesh":4,"minecraft:torch":68,"minecraft:dirt":113,"scalinghealth:heart_crystal":2,"minecraft:cobblestone_wall":67,"minecraft:carrot":25,"minecraft:tuff":57,"minecraft:furnace":4,"tombstone:gift":1,"minecraft:cooked_beef":2,"minecraft:cobbled_deepslate":71,"minecraft:acacia_planks":15,"minecraft:water_bucket":2,"epicfight:skillbook":1,"biomemakeover:willow_planks":4,"minecraft:baked_potato":1,"minecraft:stone_pickaxe":32,"vampirism:human_heart":1,"minecraft:wooden_pickaxe":11,"minecraft:crafting_table":12,"scalinghealth:cursed_heart":1,"minecraft:cake":2,"tombstone:bag_of_seeds":1,"minecraft:diamond_pickaxe":200,"minecraft:bread":61,"minecraft:iron_pickaxe":242,"minecraft:stone_axe":114,"minecraft:acacia_fence_gate":5,"minecraft:cobbled_deepslate_slab":35,"minecraft:cobblestone":64,"travelersbackpack:standard":1,"minecraft:cooked_porkchop":21,"minecraft:andesite":12,"minecraft:bucket":10,"alexsmobs:animal_dictionary":3,"minecraft:pumpkin_pie":7,"epicfight:diamond_longsword":137,"minecraft:cobweb":10},"minecraft:custom":{"minecraft:interact_with_smithing_table":1,"minecraft:mob_kills":67,"minecraft:interact_with_crafting_table":34,"minecraft:open_barrel":14,"minecraft:interact_with_campfire":4,"minecraft:damage_dealt_resisted":748,"minecraft:eat_cake_slice":8,"minecraft:leave_game":5,"minecraft:time_since_death":2027,"minecraft:climb_one_cm":2532,"minecraft:sprint_one_cm":468824,"minecraft:walk_one_cm":763330,"minecraft:drop":75,"vampirism:interact_with_totem":4,"minecraft:damage_dealt_absorbed":503,"minecraft:talked_to_villager":2,"minecraft:play_time":162521,"minecraft:sneak_time":2116,"minecraft:deaths":8,"minecraft:walk_under_water_one_cm":84289,"minecraft:jump":2840,"minecraft:interact_with_blast_furnace":1,"minecraft:walk_on_water_one_cm":44932,"minecraft:total_world_time":162521,"vampirism:blood_drunk":2000,"minecraft:interact_with_furnace":48,"minecraft:time_since_rest":1946,"minecraft:damage_taken":9361,"minecraft:damage_dealt":17964,"minecraft:swim_one_cm":22134,"minecraft:fly_one_cm":866907,"minecraft:open_chest":19,"minecraft:crouch_one_cm":12384,"tombstone:undead_killed":20,"minecraft:fall_one_cm":122196}},"DataVersion":3465}