{"stats":{"minecraft:used":{"minecraft:acacia_log":2,"minecraft:flint_and_steel":1,"minecraft:redstone":8,"minecraft:spruce_planks":11,"minecraft:iron_sword":178,"minecraft:stone_hoe":43,"minecraft:rotten_flesh":4,"minecraft:torch":260,"minecraft:dirt":218,"scalinghealth:heart_crystal":3,"minecraft:cobblestone_wall":67,"minecraft:carrot":25,"minecraft:tuff":57,"minecraft:iron_axe":32,"minecraft:sweet_berries":93,"minecraft:furnace":5,"tombstone:gift":1,"minecraft:cooked_beef":9,"minecraft:cobbled_deepslate":71,"minecraft:acacia_planks":15,"minecraft:calcite":1,"minecraft:water_bucket":3,"epicfight:skillbook":1,"biomemakeover:willow_planks":4,"biomesoplenty:fir_planks":1,"minecraft:baked_potato":1,"minecraft:stone_pickaxe":32,"vampirism:human_heart":1,"minecraft:wooden_pickaxe":11,"minecraft:cobblestone_slab":871,"minecraft:oak_slab":2,"scalinghealth:cursed_heart":1,"minecraft:crafting_table":15,"minecraft:white_bed":1,"minecraft:cake":2,"tombstone:bag_of_seeds":1,"minecraft:diamond_pickaxe":775,"minecraft:apple":5,"minecraft:bread":90,"minecraft:iron_pickaxe":242,"biomesoplenty:fir_stairs":180,"minecraft:stone_axe":114,"minecraft:acacia_fence_gate":5,"minecraft:cobbled_deepslate_slab":35,"minecraft:cobblestone":94,"travelersbackpack:standard":1,"minecraft:cooked_porkchop":22,"minecraft:andesite":13,"minecraft:bucket":11,"minecraft:bone_meal":79,"alexsmobs:animal_dictionary":3,"minecraft:pumpkin_pie":7,"epicfight:diamond_longsword":197,"minecraft:cobweb":10},"minecraft:killed_by":{"minecraft:zombie":2},"minecraft:dropped":{"minecraft:iron_ingot":2,"minecraft:water_bucket":2,"iceandfire:raw_silver":2,"minecraft:iron_sword":2,"minecraft:wheat_seeds":8,"minecraft:cooked_beef":7,"vampirism:armor_of_swiftness_legs_ultimate":2,"vampirism:human_heart":3,"scalinghealth:cursed_heart":2,"minecraft:apple":12,"minecraft:leather":2,"minecraft:spruce_stairs":1,"minecraft:stick":1,"minecraft:cobweb":10,"ars_nouveau:worn_notebook":1,"tombstone:grave_dust":3,"minecraft:iron_leggings":1,"minecraft:gold_nugget":10,"minecraft:sunflower":1,"minecraft:sand":6,"minecraft:iron_pickaxe":1,"vampirism:ring":2,"minecraft:string":6,"minecraft:gray_carpet":2,"minecraft:acacia_planks":42,"minecraft:cyan_carpet":2,"minecraft:redstone":46,"minecraft:bone":8,"minecraft:stone_axe":1,"minecraft:sweet_berries":7,"minecraft:raw_copper":34,"minecraft:cobbled_deepslate":69,"minecraft:coarse_dirt":2,"alexsmobs:animal_dictionary":1,"minecraft:dark_oak_sign":3,"minecraft:cocoa_beans":1,"minecraft:tuff":1,"minecraft:raw_iron":6,"minecraft:rotten_flesh":29,"minecraft:clay_ball":2,"minecraft:white_bed":1,"minecraft:pumpkin_seeds":2,"crittersandcompanions:silk":4,"minecraft:filled_map":1,"minecraft:gunpowder":4,"vampirism:vampire_fang":1,"minecraft:diamond_pickaxe":1,"minecraft:iron_chestplate":1,"minecraft:melon_seeds":3,"minecraft:acacia_sapling":2,"minecraft:ladder":1,"minecraft:spider_eye":4,"minecraft:beef":1,"minecraft:stone_pickaxe":1,"minecraft:raw_gold":3,"scalinghealth:bandages":5,"minecraft:cyan_bed":1},"minecraft:killed":{"vampirism:vampire":2,"alexsmobs:raccoon":1,"minecraft:spider":8,"minecraft:skeleton":12,"minecraft:drowned":1,"minecraft:pig":15,"ars_nouveau:drygmy":1,"minecraft:creeper":1,"vampirism:hunter":11,"minecraft:zombie":14,"minecraft:cow":10},"minecraft:broken":{"minecraft:iron_boots":1,"minecraft:iron_helmet":1},"minecraft:mined":{"minecraft:dark_oak_planks":5,"minecraft:tuff":17,"minecraft:spruce_planks":1,"minecraft:white_bed":1,"iceandfire:silver_ore":9,"minecraft:deepslate_diamond_ore":4,"minecraft:dark_oak_log":12,"biomesoplenty:bush":19,"minecraft:glow_lichen":1,"minecraft:cobbled_deepslate_slab":2,"travelersbackpack:iron_golem":2,"minecraft:acacia_log":33,"minecraft:grass_block":7,"minecraft:spruce_leaves":2,"minecraft:large_fern":1,"minecraft:hay_block":49,"minecraft:redstone_ore":2,"minecraft:furnace":2,"minecraft:iron_ore":22,"minecraft:cobbled_deepslate":20,"minecraft:andesite":1,"minecraft:anvil":1,"minecraft:cobblestone_slab":46,"biomesoplenty:fir_stairs":23,"minecraft:vine":1,"iceandfire:gold_pile":1,"minecraft:deepslate_iron_ore":11,"crittersandcompanions:silk_cocoon":1,"minecraft:stone":374,"minecraft:white_wool":1,"minecraft:deepslate_redstone_ore":12,"minecraft:acacia_leaves":9,"travelersbackpack:standard":4,"minecraft:crafting_table":4,"minecraft:torch":13,"minecraft:copper_ore":8,"minecraft:tall_grass":14,"minecraft:deepslate_coal_ore":23,"minecraft:cobblestone":240,"minecraft:deepslate_gold_ore":4,"minecraft:cyan_bed":1,"biomesoplenty:huge_clover_petal":2,"minecraft:damaged_anvil":1,"minecraft:wall_torch":11,"biomemakeover:willow_log":1,"minecraft:spruce_stairs":1,"minecraft:cobblestone_wall":1,"minecraft:acacia_fence_gate":3,"minecraft:spruce_log":8,"minecraft:mangrove_leaves":1,"minecraft:grass":75,"biomesoplenty:clover":3,"minecraft:oak_log":3,"minecraft:coal_ore":124,"biomesoplenty:fir_leaves":4,"minecraft:cyan_carpet":1,"minecraft:sand":15,"minecraft:dirt":30,"minecraft:cobweb":10,"minecraft:acacia_planks":1,"minecraft:fern":1,"minecraft:oak_leaves":1,"minecraft:deepslate":121,"biomemakeover:willow_leaves":2,"minecraft:infested_stone":1},"minecraft:custom":{"minecraft:interact_with_smithing_table":1,"minecraft:mob_kills":78,"minecraft:interact_with_crafting_table":46,"minecraft:open_barrel":15,"minecraft:interact_with_campfire":4,"minecraft:damage_dealt_resisted":748,"minecraft:eat_cake_slice":8,"minecraft:leave_game":6,"minecraft:time_since_death":5721,"minecraft:climb_one_cm":2532,"minecraft:sprint_one_cm":710533,"minecraft:walk_one_cm":1041997,"minecraft:drop":107,"vampirism:interact_with_totem":4,"minecraft:damage_dealt_absorbed":629,"minecraft:talked_to_villager":2,"minecraft:play_time":239199,"minecraft:sneak_time":16072,"minecraft:deaths":10,"minecraft:walk_under_water_one_cm":125508,"minecraft:jump":3998,"minecraft:interact_with_blast_furnace":1,"minecraft:walk_on_water_one_cm":54154,"minecraft:total_world_time":239199,"vampirism:blood_drunk":2000,"minecraft:interact_with_furnace":51,"minecraft:time_since_rest":5545,"minecraft:damage_taken":13620,"minecraft:damage_dealt":22802,"minecraft:swim_one_cm":53488,"minecraft:fly_one_cm":1237604,"minecraft:open_chest":38,"minecraft:crouch_one_cm":158856,"tombstone:undead_killed":27,"minecraft:fall_one_cm":180581},"minecraft:crafted":{"minecraft:cobbled_deepslate_slab":84,"minecraft:cobblestone_slab":840,"minecraft:furnace":3,"minecraft:acacia_fence_gate":2,"minecraft:bone_meal":111,"biomemakeover:willow_planks":4,"minecraft:glass":12,"travelersbackpack:white_sleeping_bag":1,"minecraft:iron_boots":1,"minecraft:iron_axe":1,"minecraft:stone_pickaxe":1,"minecraft:cobblestone_wall":66,"minecraft:chest":1,"minecraft:dark_oak_planks":44,"minecraft:stone_hoe":1,"minecraft:wheat":417,"minecraft:cooked_beef":16,"minecraft:diamond_sword":1,"epicfight:diamond_longsword":1,"minecraft:cooked_porkchop":22,"minecraft:crafting_table":12,"minecraft:spruce_planks":32,"travelersbackpack:backpack_tank":2,"minecraft:iron_helmet":1,"minecraft:wooden_pickaxe":1,"travelersbackpack:standard":1,"minecraft:iron_sword":1,"scalinghealth:heart_crystal":2,"minecraft:bucket":3,"minecraft:stone_axe":1,"minecraft:bread":141,"minecraft:air":0,"biomesoplenty:fir_planks":20,"minecraft:white_wool":2,"minecraft:iron_chestplate":2,"minecraft:diamond_pickaxe":1,"minecraft:stick":68,"minecraft:iron_ingot":28,"minecraft:iron_pickaxe":1,"minecraft:iron_leggings":2,"minecraft:gold_ingot":3,"minecraft:acacia_planks":120,"minecraft:torch":88,"biomesoplenty:fir_stairs":124},"minecraft:picked_up":{"ars_nouveau:caster_tome":1,"minecraft:cocoa_beans":1,"minecraft:crafting_table":3,"minecraft:coarse_dirt":2,"minecraft:wheat":6,"minecraft:clay_ball":2,"minecraft:ladder":1,"minecraft:anvil":1,"minecraft:raw_copper":34,"minecraft:string":22,"minecraft:flint_and_steel":1,"minecraft:cyan_carpet":2,"minecraft:gold_nugget":20,"minecraft:cobbled_deepslate":350,"biomesoplenty:fir_planks":171,"minecraft:beef":19,"minecraft:acacia_fence_gate":3,"minecraft:cobblestone_slab":31,"biomemakeover:willow_log":1,"crittersandcompanions:clam":1,"minecraft:furnace":2,"minecraft:raw_iron":59,"minecraft:torch":211,"minecraft:acacia_log":32,"minecraft:spruce_stairs":1,"epicfight:skillbook":1,"minecraft:porkchop":34,"tombstone:grave_dust":3,"vampirism:vampire_fang":2,"minecraft:redstone":54,"minecraft:arrow":7,"minecraft:rotten_flesh":33,"minecraft:hay_block":47,"crittersandcompanions:silk":8,"minecraft:white_terracotta":2,"minecraft:white_wool":1,"minecraft:cobblestone":614,"minecraft:andesite":13,"minecraft:leather":6,"minecraft:filled_map":1,"biomesoplenty:fir_stairs":56,"biomesoplenty:fir_log":5,"minecraft:tuff":58,"minecraft:oak_log":15,"scalinghealth:bandages":15,"minecraft:cobblestone_wall":1,"vampirism:armor_of_swiftness_legs_ultimate":2,"minecraft:gunpowder":4,"scalinghealth:heart_crystal":1,"minecraft:dirt":177,"minecraft:lantern":3,"scalinghealth:medkit":1,"minecraft:bone":11,"vampirism:human_heart":4,"minecraft:acacia_planks":44,"minecraft:stone_bricks":5,"minecraft:gray_carpet":2,"minecraft:wheat_seeds":9,"minecraft:raw_gold":6,"minecraft:cobbled_deepslate_slab":2,"minecraft:iron_ingot":34,"minecraft:dark_oak_sign":3,"minecraft:cobweb":20,"tombstone:bag_of_seeds":1,"minecraft:iron_sword":1,"minecraft:acacia_sapling":2,"minecraft:oak_slab":2,"scalinghealth:heart_crystal_shard":20,"minecraft:cooked_porkchop":1,"minecraft:sweet_berries":96,"vampirism:ring":2,"minecraft:torchflower_seeds":2,"minecraft:sand":18,"minecraft:white_bed":2,"minecraft:spruce_log":8,"minecraft:cyan_bed":1,"minecraft:dark_oak_log":11,"minecraft:spider_eye":4,"travelersbackpack:standard":4,"minecraft:pumpkin_seeds":2,"minecraft:diamond":7,"minecraft:diamond_pickaxe":1,"scalinghealth:cursed_heart":3,"minecraft:bread":1,"minecraft:baked_potato":1,"minecraft:damaged_anvil":1,"minecraft:melon_seeds":3,"minecraft:coal":145,"iceandfire:raw_silver":8,"minecraft:sunflower":1,"ars_nouveau:magebloom_crop":1}},"DataVersion":3465}