{"stats":{"minecraft:used":{"iceandfire:tide_trident":348,"minecraft:stone_sword":43,"minecraft:shield":10,"minecraft:iron_sword":33,"travelersbackpack:bat":2,"minecraft:rotten_flesh":27,"minecraft:torch":31,"minecraft:dirt":14,"minecraft:mutton":6,"scalinghealth:heart_crystal":6,"minecraft:tuff":1,"minecraft:wooden_axe":2,"epicfight:diamond_tachi":28,"minecraft:bow":2,"minecraft:furnace":2,"scalinghealth:bandages":1,"tombstone:gift":1,"minecraft:cobbled_deepslate":14,"epicfight:skillbook":2,"vampirism:altar_inspiration":1,"minecraft:chorus_fruit":2,"minecraft:stone_pickaxe":215,"minecraft:wooden_pickaxe":14,"minecraft:glow_berries":8,"minecraft:crafting_table":6,"scalinghealth:cursed_heart":3,"minecraft:diamond_pickaxe":12,"minecraft:bread":23,"minecraft:iron_pickaxe":141,"iceandfire:ice_dragon_flesh":1,"minecraft:stone_axe":21,"scalinghealth:medkit":1,"minecraft:potion":2,"minecraft:cobblestone":34,"minecraft:pumpkin_pie":3},"minecraft:dropped":{"vampirism:item_garlic":2,"minecraft:iron_sword":1,"iceandfire:raw_silver":1,"minecraft:wheat_seeds":4,"minecraft:oak_log":2,"minecraft:glass_bottle":2,"scalinghealth:cursed_heart":23,"minecraft:oak_fence":12,"biomesoplenty:maple_sapling":2,"minecraft:feather":2,"iceandfire:tide_trident":1,"minecraft:granite":22,"minecraft:rail":3,"minecraft:stick":2,"minecraft:dirt":15,"tombstone:bag_of_seeds":1,"minecraft:diorite":64,"rpgsmw:edmantium":1,"minecraft:wooden_axe":1,"tombstone:grave_dust":2,"minecraft:iron_leggings":1,"minecraft:iron_pickaxe":1,"minecraft:string":6,"ars_nouveau:caster_tome":1,"minecraft:redstone":1,"minecraft:bone":9,"minecraft:gravel":6,"minecraft:stone_axe":1,"minecraft:moss_carpet":1,"minecraft:stone_sword":2,"minecraft:cobbled_deepslate":588,"minecraft:raw_copper":7,"rpgsmw:rawmiphrilignot":1,"minecraft:tuff":86,"minecraft:raw_iron":2,"tombstone:gift":2,"minecraft:chicken":1,"paraglider:goddess_statue":1,"minecraft:rotten_flesh":15,"minecraft:oak_planks":1,"minecraft:iron_hoe":1,"minecraft:spruce_fence":1,"minecraft:poppy":1,"minecraft:shield":1,"minecraft:gunpowder":4,"minecraft:spruce_trapdoor":4,"minecraft:bundle":3,"minecraft:oak_sapling":1,"minecraft:spider_eye":16,"minecraft:spruce_log":3,"minecraft:arrow":7,"minecraft:bow":1,"minecraft:wooden_pickaxe":1,"minecraft:raw_gold":1,"minecraft:egg":1},"minecraft:killed":{"minecraft:cave_spider":1,"minecraft:witch":1,"minecraft:spider":51,"minecraft:skeleton":20,"minecraft:chicken":1,"minecraft:silverfish":30,"minecraft:skeleton_horse":1,"minecraft:zombie_villager":1,"minecraft:creeper":5,"minecraft:sheep":3,"minecraft:zombie":46,"iceandfire:ghost":2,"alexsmobs:terrapin":2},"minecraft:broken":{"minecraft:iron_boots":1,"minecraft:stone_pickaxe":1},"minecraft:custom":{"minecraft:mob_kills":167,"minecraft:interact_with_crafting_table":37,"minecraft:bell_ring":2,"minecraft:damage_dealt_resisted":1116,"minecraft:leave_game":1,"minecraft:time_since_death":137519,"minecraft:climb_one_cm":12,"minecraft:damage_resisted":92,"minecraft:sprint_one_cm":318075,"minecraft:walk_one_cm":1316005,"minecraft:damage_blocked_by_shield":209,"minecraft:drop":109,"vampirism:skills_unlocked":1,"minecraft:damage_dealt_absorbed":2498,"minecraft:talked_to_villager":3,"minecraft:play_time":201250,"minecraft:deaths":3,"minecraft:sneak_time":406,"minecraft:walk_under_water_one_cm":3466,"minecraft:jump":1480,"minecraft:interact_with_brewingstand":1,"minecraft:interact_with_blast_furnace":1,"minecraft:walk_on_water_one_cm":13771,"minecraft:total_world_time":201250,"vampirism:interact_with_injection_chair":6,"minecraft:interact_with_furnace":17,"tombstone:raider_killed":2,"vampirism:interact_with_research_table":2,"minecraft:time_since_rest":137186,"minecraft:damage_taken":5395,"minecraft:trigger_trapped_chest":2,"minecraft:damage_dealt":42706,"tombstone:cast_on_ally":1,"minecraft:swim_one_cm":10678,"minecraft:fly_one_cm":226107,"minecraft:open_chest":26,"minecraft:crouch_one_cm":1759,"tombstone:undead_killed":70,"minecraft:fall_one_cm":33342},"minecraft:mined":{"minecraft:tuff":10,"iceandfire:silver_ore":1,"minecraft:deepslate_diamond_ore":46,"minecraft:obsidian":1,"minecraft:granite":22,"minecraft:acacia_log":3,"minecraft:spruce_leaves":2,"minecraft:redstone_ore":1,"minecraft:furnace":2,"minecraft:iron_ore":19,"minecraft:cobbled_deepslate":3,"minecraft:andesite":17,"minecraft:deepslate_iron_ore":7,"minecraft:stone":77,"minecraft:deepslate_redstone_ore":2,"minecraft:acacia_leaves":1,"minecraft:crafting_table":7,"minecraft:torch":6,"iceandfire:frozen_dirt":1,"minecraft:cobblestone":11,"minecraft:copper_ore":2,"minecraft:deepslate_gold_ore":9,"minecraft:diorite":65,"minecraft:wall_torch":4,"minecraft:sweet_berry_bush":3,"minecraft:grass":6,"minecraft:coal_ore":17,"minecraft:oak_log":3,"minecraft:sand":9,"minecraft:cobweb":6,"minecraft:oak_leaves":1,"minecraft:deepslate":68,"minecraft:fern":1},"minecraft:crafted":{"minecraft:oak_planks":12,"vampirism:injection_garlic":1,"minecraft:furnace":1,"minecraft:glass_pane":16,"vampirism:injection_empty":1,"minecraft:glass":8,"ars_nouveau:novice_spell_book":1,"minecraft:diamond_helmet":1,"minecraft:diamond_leggings":1,"minecraft:iron_boots":1,"minecraft:iron_axe":1,"minecraft:iron_hoe":1,"minecraft:stone_pickaxe":2,"minecraft:diamond_boots":1,"minecraft:diamond_sword":1,"minecraft:crafting_table":1,"minecraft:wooden_pickaxe":1,"minecraft:iron_sword":2,"scalinghealth:heart_crystal":3,"minecraft:stone_axe":2,"minecraft:air":0,"minecraft:diamond_pickaxe":1,"minecraft:iron_chestplate":1,"minecraft:shield":1,"minecraft:stick":36,"minecraft:iron_ingot":17,"minecraft:iron_pickaxe":2,"minecraft:wooden_axe":1,"minecraft:iron_shovel":1,"minecraft:stone_sword":1,"epicfight:diamond_tachi":1,"minecraft:acacia_planks":12,"minecraft:torch":4,"minecraft:diamond_chestplate":1},"minecraft:picked_up":{"ars_nouveau:caster_tome":4,"minecraft:crafting_table":7,"travelersbackpack:bat":1,"minecraft:chicken":1,"paraglider:goddess_statue":1,"minecraft:string":55,"minecraft:moss_carpet":1,"minecraft:raw_copper":7,"minecraft:iron_leggings":1,"minecraft:cobbled_deepslate":1562,"biomesoplenty:fir_planks":31,"rpgsmw:rawmiphrilignot":1,"minecraft:poppy":1,"minecraft:iron_pickaxe":1,"minecraft:spruce_trapdoor":4,"minecraft:egg":1,"minecraft:furnace":1,"minecraft:stick":2,"minecraft:raw_iron":42,"minecraft:oak_fence":12,"minecraft:torch":19,"minecraft:acacia_log":3,"minecraft:spruce_fence":1,"epicfight:skillbook":2,"tombstone:grave_dust":1,"minecraft:diorite":128,"minecraft:carrot":1,"minecraft:redstone":1,"iceandfire:armor_silver_metal_boots":1,"minecraft:stone_sword":1,"minecraft:arrow":25,"minecraft:rotten_flesh":50,"vampirism:altar_inspiration":1,"minecraft:pumpkin_pie":3,"rpgsmw:pinarium":1,"rpgsmw:edmantium":1,"minecraft:glow_berries":4,"minecraft:mutton":6,"minecraft:rail":3,"minecraft:white_wool":1,"minecraft:cobblestone":86,"minecraft:feather":2,"minecraft:andesite":13,"minecraft:potato":2,"paraglider:spirit_orb":4,"minecraft:tuff":86,"minecraft:oak_log":5,"scalinghealth:bandages":35,"vampirism:armor_of_swiftness_legs_ultimate":1,"minecraft:gunpowder":5,"minecraft:lapis_lazuli":30,"scalinghealth:heart_crystal":3,"endrem:undead_soul":1,"minecraft:dirt":29,"scalinghealth:medkit":1,"minecraft:glass":1,"minecraft:bone":12,"minecraft:bow":3,"minecraft:wheat_seeds":4,"minecraft:raw_gold":15,"vampirism:item_garlic":1,"minecraft:iron_ingot":15,"tombstone:bag_of_seeds":1,"minecraft:oak_planks":13,"minecraft:iron_sword":1,"minecraft:book":2,"scalinghealth:heart_crystal_shard":33,"minecraft:sweet_berries":7,"minecraft:gravel":6,"minecraft:sand":9,"minecraft:spruce_log":3,"minecraft:spider_eye":21,"iceandfire:frozen_dirt":1,"minecraft:bundle":4,"biomesoplenty:maple_sapling":2,"minecraft:diamond":57,"minecraft:granite":22,"iceandfire:ice_dragon_flesh":1,"minecraft:bread":13,"scalinghealth:cursed_heart":28,"minecraft:oak_sapling":1,"tombstone:magic_scroll":1,"iceandfire:tide_trident":2,"minecraft:chorus_fruit":36,"minecraft:black_wool":1,"minecraft:coal":53,"iceandfire:raw_silver":1}},"DataVersion":3465}