{"stats":{"minecraft:used":{"iceandfire:tide_trident":1,"minecraft:moss_carpet":1,"minecraft:chest":6,"minecraft:white_terracotta":1,"minecraft:iron_sword":179,"minecraft:iron_chestplate":1,"paraglider:goddess_statue":2,"minecraft:carrot":1,"minecraft:tuff":2,"minecraft:lava_bucket":1,"minecraft:birch_sapling":2,"biomesoplenty:fir_sapling":2,"minecraft:bow":81,"minecraft:sweet_berries":3,"minecraft:oak_sapling":3,"minecraft:furnace":10,"ars_nouveau:sourceberry_bush":1,"minecraft:egg":3,"minecraft:potato":20,"minecraft:dark_oak_sapling":1,"epicfight:skillbook":13,"minecraft:spruce_door":1,"minecraft:oak_planks":55,"minecraft:stone_pickaxe":130,"minecraft:birch_wood":1,"minecraft:ender_pearl":2,"minecraft:wooden_pickaxe":19,"travelersbackpack:iron_golem":5,"biomesoplenty:fir_planks":108,"minecraft:golden_apple":1,"scalinghealth:cursed_heart":8,"scalinghealth:enchanted_heart":1,"minecraft:bread":98,"minecraft:cyan_bed":1,"biomesoplenty:fir_stairs":53,"tombstone:grave_key":5,"minecraft:gravel":2,"minecraft:andesite":17,"minecraft:golden_pickaxe":21,"minecraft:oak_fence":1,"minecraft:rose_bush":2,"minecraft:flint_and_steel":44,"minecraft:stone_shovel":15,"minecraft:cooked_chicken":3,"minecraft:torch":221,"minecraft:dirt":110,"scalinghealth:heart_crystal":7,"iceandfire:pixie_dust":1,"minecraft:golden_chestplate":1,"minecraft:wooden_axe":19,"minecraft:stone_brick_slab":1,"minecraft:iron_axe":252,"minecraft:rooted_dirt":78,"epicfight:diamond_tachi":1139,"minecraft:barrel":1,"paraglider:rito_goddess_statue":1,"rpgsmw:diamond_battle_axe":10,"scalinghealth:bandages":2,"tombstone:gift":10,"minecraft:cooked_beef":70,"minecraft:cobbled_deepslate":235,"minecraft:iron_leggings":1,"minecraft:calcite":43,"minecraft:cooked_mutton":5,"tombstone:scroll_of_knowledge":1,"iceandfire:fire_dragon_flesh":1,"minecraft:birch_planks":23,"scalinghealth:chance_heart":3,"minecraft:leather_boots":1,"rpgsmw:diamond_gauntlet":66,"minecraft:salmon":1,"minecraft:crafting_table":20,"minecraft:spider_eye":1,"tombstone:bag_of_seeds":2,"minecraft:dark_prismarine":3,"minecraft:apple":30,"minecraft:iron_pickaxe":713,"tombstone:magic_scroll":5,"minecraft:stone_axe":132,"minecraft:cobblestone":187,"minecraft:potion":1,"minecraft:cooked_porkchop":2,"minecraft:bucket":2,"minecraft:pumpkin_pie":13,"alexsmobs:animal_dictionary":2,"minecraft:sea_pickle":2},"minecraft:killed_by":{"minecraft:zombie":6,"minecraft:player":1,"minecraft:iron_golem":1,"minecraft:skeleton":2},"minecraft:dropped":{"minecraft:iron_sword":1,"minecraft:brown_mushroom":5,"minecraft:birch_planks":2,"minecraft:lapis_lazuli":45,"crittersandcompanions:clam":1,"vampirism:armor_of_swiftness_legs_ultimate":1,"vampirism:human_heart":2,"minecraft:glass_bottle":1,"minecraft:ender_pearl":2,"minecraft:rooted_dirt":7,"rpgsmw:rainforcedstick":2,"minecraft:leather_helmet":1,"biomesoplenty:fir_sapling":1,"minecraft:item_frame":2,"minecraft:music_disc_13":1,"minecraft:dirt":10,"minecraft:cornflower":2,"minecraft:gold_nugget":2,"minecraft:pumpkin_pie":3,"minecraft:sunflower":3,"minecraft:sand":3,"minecraft:bone":10,"alexsmobs:centipede_leg":2,"minecraft:golden_chestplate":5,"minecraft:cobbled_deepslate":609,"minecraft:wheat":1,"minecraft:stripped_dark_oak_log":3,"vampirism:holy_water_bottle_enhanced":2,"minecraft:rotten_flesh":60,"minecraft:oak_planks":1,"minecraft:golden_shovel":1,"alexsmobs:emu_egg":1,"ars_nouveau:sourceberry_bush":2,"minecraft:gunpowder":3,"vampirism:vampire_fang":2,"minecraft:acacia_sapling":1,"minecraft:ladder":4,"minecraft:chainmail_boots":1,"minecraft:arrow":2,"biomesoplenty:fir_button":2,"minecraft:stone_brick_stairs":1,"minecraft:egg":3,"minecraft:bread":13,"minecraft:iron_ingot":40,"minecraft:wheat_seeds":13,"scalinghealth:cursed_heart":7,"vampirism:vampire_book":1,"minecraft:cobblestone":378,"scalinghealth:heart_crystal_shard":24,"minecraft:chainmail_helmet":1,"minecraft:coal":25,"scalinghealth:power_crystal":3,"minecraft:stick":1,"minecraft:diorite":1,"scalinghealth:heart_crystal":3,"minecraft:brown_wool":1,"tombstone:grave_dust":19,"minecraft:potion":2,"minecraft:iron_leggings":1,"minecraft:oak_stairs":6,"minecraft:string":17,"biomesoplenty:fir_stairs":40,"ars_nouveau:wilden_wing":1,"minecraft:redstone":22,"alexsmobs:acacia_blossom":1,"minecraft:raw_copper":3,"rpgsmw:rawmiphrilignot":12,"minecraft:tuff":76,"vampirism:hunter_coat_head_ultimate":1,"minecraft:raw_iron":40,"epicfight:diamond_tachi":1,"minecraft:chicken":1,"minecraft:iron_boots":1,"minecraft:pumpkin_seeds":2,"minecraft:flint_and_steel":1,"minecraft:filled_map":3,"minecraft:cobblestone_slab":3,"minecraft:hay_block":1,"biomesoplenty:fir_planks":266,"minecraft:iron_chestplate":1,"minecraft:andesite":22,"minecraft:golden_leggings":1,"minecraft:oak_sapling":2,"minecraft:spider_eye":6,"minecraft:stone_bricks":4,"minecraft:bow":2,"minecraft:calcite":3,"scalinghealth:bandages":1,"epicfight:skillbook":4},"minecraft:killed":{"vampirism:vampire":4,"vampirism:advanced_vampire":2,"minecraft:spider":47,"minecraft:skeleton":96,"minecraft:chicken":4,"minecraft:silverfish":5,"alexsmobs:centipede_head":2,"minecraft:skeleton_horse":1,"minecraft:wolf":2,"minecraft:pig":3,"minecraft:zombie_villager":3,"minecraft:salmon":2,"minecraft:creeper":9,"vampirism:hunter":6,"minecraft:sheep":3,"cataclysm:deepling_brute":1,"minecraft:zombie":112,"alexsmobs:terrapin":1,"minecraft:glow_squid":1,"iceandfire:sea_serpent":1,"minecraft:horse":1,"crittersandcompanions:otter":1,"minecraft:drowned":10,"goblintraders:goblin_trader":1,"minecraft:husk":1,"ars_nouveau:starbuncle":1,"iceandfire:troll":1,"vampirism:villager_angry":1,"alexsmobs:crocodile":1,"iceandfire:ghost":1,"iceandfire:ice_dragon":1},"minecraft:broken":{"minecraft:iron_boots":2,"minecraft:iron_chestplate":2,"minecraft:stone_pickaxe":1,"minecraft:stone_axe":1,"aether:iron_gloves":2,"minecraft:iron_axe":1,"minecraft:leather_boots":1,"minecraft:iron_pickaxe":2,"minecraft:iron_helmet":2},"minecraft:custom":{"minecraft:interact_with_crafting_table":70,"minecraft:open_barrel":73,"goblintraders:trade_with_goblin":8,"minecraft:eat_cake_slice":9,"minecraft:leave_game":5,"minecraft:time_since_death":145858,"minecraft:damage_resisted":38,"minecraft:sprint_one_cm":2413830,"minecraft:drop":185,"minecraft:play_noteblock":2,"minecraft:play_time":660888,"minecraft:deaths":27,"minecraft:jump":9897,"minecraft:walk_on_water_one_cm":200443,"minecraft:interact_with_furnace":33,"vampirism:interact_with_research_table":2,"minecraft:damage_dealt":98808,"minecraft:player_kills":1,"minecraft:crouch_one_cm":77792,"tombstone:undead_killed":224,"tombstone:villager_killed":1,"minecraft:horse_one_cm":25116,"minecraft:interact_with_smithing_table":2,"minecraft:mob_kills":355,"minecraft:interact_with_campfire":5,"minecraft:damage_dealt_resisted":2436,"minecraft:climb_one_cm":14462,"minecraft:walk_one_cm":3942284,"minecraft:damage_dealt_absorbed":1541,"minecraft:sneak_time":11255,"minecraft:walk_under_water_one_cm":240683,"minecraft:interact_with_lectern":1,"minecraft:interact_with_blast_furnace":2,"minecraft:total_world_time":660888,"vampirism:interact_with_injection_chair":1,"vampirism:interact_with_garlic_diffuser":1,"minecraft:interact_with_grindstone":2,"minecraft:time_since_rest":145294,"minecraft:damage_taken":22969,"minecraft:trigger_trapped_chest":5,"tombstone:cast_on_ally":2,"minecraft:swim_one_cm":140455,"minecraft:fly_one_cm":3034969,"minecraft:open_chest":147,"minecraft:fall_one_cm":221893},"minecraft:mined":{"minecraft:spruce_planks":2,"paraglider:rito_goddess_statue":1,"travelersbackpack:iron_golem":6,"minecraft:acacia_log":10,"minecraft:grass_block":19,"biomesoplenty:flowering_oak_leaves":1,"minecraft:white_concrete":2,"ars_nouveau:sourceberry_bush":2,"minecraft:spawner":1,"minecraft:iron_ore":21,"minecraft:cobbled_deepslate":5,"minecraft:fire":7,"minecraft:pumpkin":6,"minecraft:deepslate_lapis_ore":1,"minecraft:iron_block":1,"minecraft:player_head":1,"minecraft:spruce_slab":2,"minecraft:deepslate_redstone_ore":1,"minecraft:torch":15,"minecraft:note_block":1,"minecraft:calcite":3,"minecraft:cobblestone":16,"minecraft:oak_planks":6,"minecraft:wall_torch":11,"minecraft:skeleton_skull":1,"minecraft:dark_oak_slab":1,"minecraft:birch_log":7,"minecraft:stone_brick_stairs":1,"biomesoplenty:fir_log":170,"minecraft:grass":15,"minecraft:oak_log":32,"minecraft:sand":20,"minecraft:dirt":11,"minecraft:smooth_basalt":26,"minecraft:tripwire_hook":1,"minecraft:oak_leaves":19,"minecraft:deepslate":128,"minecraft:dark_prismarine":3,"minecraft:tuff":8,"minecraft:deepslate_diamond_ore":10,"minecraft:dark_oak_log":8,"minecraft:glow_lichen":1,"biomesoplenty:bush":6,"minecraft:spruce_fence":2,"vampirism:vampire_orchid":1,"iceandfire:deepslate_silver_ore":3,"minecraft:spruce_leaves":2,"minecraft:hay_block":17,"minecraft:furnace":3,"minecraft:andesite":4,"minecraft:cobblestone_slab":1,"biomesoplenty:fir_stairs":6,"biomesoplenty:high_grass":3,"minecraft:deepslate_iron_ore":61,"minecraft:vine":1,"crittersandcompanions:silk_cocoon":2,"minecraft:bamboo":1,"minecraft:stone":418,"minecraft:acacia_leaves":2,"minecraft:stripped_dark_oak_log":2,"minecraft:crafting_table":6,"minecraft:oak_wood":7,"biomesoplenty:fir_planks":19,"biomesoplenty:high_grass_plant":4,"minecraft:copper_ore":1,"minecraft:tall_grass":6,"minecraft:deepslate_coal_ore":1,"biomesoplenty:sprout":1,"minecraft:deepslate_gold_ore":11,"minecraft:lapis_ore":3,"minecraft:diorite":1,"minecraft:spruce_stairs":3,"rpgsmw:mineral_ore":5,"minecraft:spruce_log":25,"minecraft:coal_ore":68,"biomesoplenty:fir_leaves":59,"minecraft:sunflower":1,"minecraft:gravel":6,"minecraft:fern":6,"paraglider:goddess_statue":3},"minecraft:crafted":{"minecraft:oak_planks":100,"paraglider:rito_goddess_statue":1,"minecraft:cooked_chicken":3,"minecraft:cooked_mutton":2,"minecraft:iron_boots":1,"tombstone:grave_key":7,"minecraft:chest":4,"rpgsmw:woodenfiber":2,"minecraft:cooked_porkchop":2,"minecraft:crafting_table":15,"minecraft:spruce_planks":20,"iceandfire:tide_teal_boots":1,"minecraft:wooden_pickaxe":1,"minecraft:iron_helmet":1,"minecraft:birch_planks":36,"iceandfire:armor_gray_chestplate":1,"biomesoplenty:fir_planks":676,"minecraft:iron_chestplate":1,"minecraft:charcoal":7,"minecraft:stick":64,"minecraft:iron_pickaxe":6,"minecraft:iron_ingot":33,"iceandfire:tide_red_helmet":1,"biomesoplenty:fir_stairs":88,"minecraft:stone_shovel":1,"minecraft:coal":1,"rpgsmw:diamond_gauntlet":2,"iceandfire:armor_gray_leggings":1,"minecraft:iron_nugget":9,"minecraft:furnace":8,"minecraft:iron_axe":1,"minecraft:stone_pickaxe":1,"minecraft:dark_oak_planks":4,"minecraft:wheat":63,"minecraft:cooked_beef":2,"iceandfire:tide_trident":1,"minecraft:iron_sword":1,"scalinghealth:heart_crystal":7,"minecraft:stone_axe":1,"rpgsmw:rainforcedstick":3,"minecraft:bread":21,"minecraft:air":0,"minecraft:wooden_axe":1,"biomesoplenty:fir_button":2,"minecraft:acacia_planks":20,"minecraft:torch":116},"minecraft:picked_up":{"minecraft:iron_chestplate":3,"minecraft:wheat":1,"minecraft:chainmail_boots":1,"minecraft:creeper_head":1,"minecraft:oak_stairs":7,"minecraft:potion":2,"minecraft:enchanted_book":2,"minecraft:stone_brick_stairs":1,"vampirism:hunter_coat_head_ultimate":1,"vampirism:holy_water_bottle_normal":1,"paraglider:goddess_statue":3,"minecraft:string":73,"minecraft:raw_copper":4,"iceandfire:sea_serpent_scales_teal":8,"minecraft:iron_leggings":2,"minecraft:sea_pickle":2,"minecraft:cobbled_deepslate":1778,"minecraft:gold_nugget":2,"biomesoplenty:fir_planks":273,"minecraft:bucket":8,"minecraft:spruce_planks":8,"rpgsmw:rawmiphrilignot":27,"rpgsmw:redarium":5,"minecraft:rose_bush":2,"minecraft:cobblestone_slab":3,"minecraft:calcite":60,"minecraft:iron_pickaxe":1,"minecraft:iron_boots":2,"minecraft:furnace":2,"minecraft:stick":15,"minecraft:torch":116,"minecraft:acacia_log":9,"minecraft:porkchop":7,"epicfight:skillbook":19,"vampirism:holy_water_bottle_enhanced":2,"vampirism:vampire_fang":6,"tombstone:grave_dust":30,"minecraft:diorite":1,"aether:golden_gloves":1,"minecraft:golden_chestplate":5,"alexsmobs:centipede_leg":6,"minecraft:rotten_flesh":249,"minecraft:iron_block":1,"alexsmobs:emu_egg":4,"rpgsmw:edmantium":1,"minecraft:white_terracotta":1,"ars_nouveau:sourceberry_bush":3,"minecraft:cobblestone":728,"minecraft:birch_log":7,"vampirism:vampire_book":1,"travelersbackpack:iron_golem":8,"minecraft:feather":4,"minecraft:cooked_beef":7,"minecraft:water_bucket":1,"minecraft:andesite":39,"minecraft:brown_wool":2,"minecraft:golden_leggings":1,"minecraft:potato":17,"biomesoplenty:fir_sapling":5,"biomesoplenty:fir_log":169,"paraglider:spirit_orb":4,"minecraft:flint":2,"minecraft:tuff":135,"rpgsmw:rainforcedstick":1,"biomesoplenty:fir_stairs":5,"minecraft:lapis_lazuli":104,"minecraft:dirt":313,"minecraft:leather_boots":1,"minecraft:bone":214,"minecraft:acacia_planks":4,"minecraft:bow":11,"minecraft:wheat_seeds":41,"minecraft:raw_gold":15,"vampirism:item_garlic":1,"minecraft:birch_wood":3,"minecraft:bamboo":6,"minecraft:stone_hoe":1,"minecraft:oak_planks":4,"minecraft:music_disc_13":1,"iceandfire:dragon_skull_fire":2,"minecraft:sand":23,"scalinghealth:enchanted_heart":1,"minecraft:cyan_bed":1,"minecraft:dark_oak_log":8,"minecraft:barrel":1,"minecraft:dark_prismarine":3,"minecraft:bundle":9,"minecraft:diamond":18,"minecraft:emerald":21,"minecraft:chainmail_helmet":1,"scalinghealth:cursed_heart":42,"minecraft:bread":13,"minecraft:rooted_dirt":118,"minecraft:oak_sapling":8,"iceandfire:silver_nugget":2,"iceandfire:raw_silver":3,"minecraft:coarse_dirt":11,"minecraft:charcoal":8,"minecraft:crafting_table":6,"minecraft:chicken":8,"minecraft:ladder":9,"minecraft:leather_leggings":1,"minecraft:brown_mushroom":5,"tombstone:scroll_of_preservation":1,"minecraft:cornflower":2,"minecraft:moss_carpet":1,"minecraft:item_frame":3,"minecraft:beef":4,"minecraft:poppy":1,"minecraft:spruce_slab":1,"minecraft:chest":2,"minecraft:birch_sapling":2,"crittersandcompanions:clam":7,"minecraft:egg":7,"minecraft:dark_oak_sapling":1,"minecraft:raw_iron":114,"iceandfire:dragonbone":28,"iceandfire:dragonscales_gray":21,"minecraft:copper_ingot":1,"minecraft:spruce_fence":2,"minecraft:carrot":1,"minecraft:redstone":23,"minecraft:arrow":185,"iceandfire:cyclops_eye":1,"minecraft:hay_block":19,"crittersandcompanions:silk":12,"tombstone:essence_of_undeath":1,"minecraft:saddle":1,"minecraft:gold_ingot":16,"scalinghealth:power_crystal":1,"minecraft:mutton":16,"minecraft:skeleton_skull":2,"minecraft:white_wool":3,"vampirism:vampire_blood_bottle":2,"iceandfire:sea_serpent_fang":5,"minecraft:tripwire_hook":1,"biomesoplenty:fir_button":2,"minecraft:salmon":1,"minecraft:leather":2,"alexsmobs:acacia_blossom":1,"minecraft:filled_map":2,"minecraft:birch_planks":21,"minecraft:packed_mud":13,"ars_nouveau:wilden_wing":3,"minecraft:oak_log":34,"minecraft:chainmail_chestplate":1,"scalinghealth:bandages":55,"minecraft:gunpowder":22,"scalinghealth:heart_crystal":2,"endrem:undead_soul":1,"scalinghealth:medkit":5,"minecraft:cooked_mutton":14,"vampirism:human_heart":11,"minecraft:apple":16,"minecraft:stone_bricks":4,"minecraft:kelp":1,"minecraft:iron_ingot":16,"tombstone:bag_of_seeds":2,"minecraft:glass_bottle":1,"iceandfire:fire_dragon_flesh":5,"minecraft:acacia_sapling":1,"scalinghealth:heart_crystal_shard":72,"minecraft:dark_oak_slab":1,"minecraft:sweet_berries":10,"minecraft:pumpkin":8,"minecraft:stone_brick_slab":1,"minecraft:dandelion":1,"minecraft:gravel":17,"minecraft:lava_bucket":2,"minecraft:spruce_log":44,"minecraft:spruce_door":1,"minecraft:spider_eye":39,"minecraft:leather_helmet":1,"minecraft:oak_wood":4,"epicfight:diamond_tachi":1,"minecraft:pumpkin_seeds":2,"minecraft:stone_axe":2,"minecraft:iron_helmet":1,"iceandfire:sea_serpent_scales_red":9,"minecraft:painting":2,"vampirism:vampire_orchid":2,"tombstone:magic_scroll":8,"minecraft:stripped_dark_oak_log":4,"minecraft:coal":75,"minecraft:sunflower":3}},"DataVersion":3465}