{"stats":{"minecraft:mined":{"minecraft:dark_prismarine":3,"minecraft:deepslate_diamond_ore":1,"minecraft:acacia_log":10,"minecraft:grass_block":2,"minecraft:hay_block":6,"minecraft:furnace":2,"biomesoplenty:high_grass":3,"minecraft:deepslate_iron_ore":7,"crittersandcompanions:silk_cocoon":1,"minecraft:bamboo":1,"minecraft:stone":3,"minecraft:iron_block":1,"minecraft:acacia_leaves":2,"minecraft:torch":1,"minecraft:crafting_table":2,"minecraft:note_block":1,"biomesoplenty:high_grass_plant":4,"minecraft:cobblestone":7,"minecraft:wall_torch":1,"rpgsmw:mineral_ore":2,"minecraft:stone_brick_stairs":1,"minecraft:grass":5,"minecraft:oak_log":7,"minecraft:coal_ore":3,"minecraft:sunflower":1,"minecraft:gravel":6,"minecraft:dirt":2,"minecraft:oak_leaves":1,"minecraft:deepslate":6,"paraglider:goddess_statue":1},"minecraft:killed_by":{"minecraft:player":1,"minecraft:iron_golem":1,"minecraft:skeleton":1,"minecraft:zombie":4},"minecraft:picked_up":{"minecraft:crafting_table":2,"minecraft:coarse_dirt":11,"minecraft:wheat":1,"minecraft:chicken":1,"minecraft:ladder":9,"minecraft:oak_stairs":6,"minecraft:stone_brick_stairs":1,"vampirism:hunter_coat_head_ultimate":1,"minecraft:string":21,"paraglider:goddess_statue":1,"minecraft:cobbled_deepslate":54,"rpgsmw:rawmiphrilignot":6,"minecraft:beef":4,"rpgsmw:redarium":2,"crittersandcompanions:clam":3,"minecraft:furnace":1,"minecraft:stick":2,"minecraft:raw_iron":8,"minecraft:torch":6,"minecraft:acacia_log":9,"epicfight:skillbook":2,"minecraft:porkchop":2,"tombstone:grave_dust":4,"vampirism:vampire_fang":1,"minecraft:redstone":1,"alexsmobs:centipede_leg":6,"minecraft:rotten_flesh":11,"minecraft:arrow":21,"crittersandcompanions:silk":3,"minecraft:hay_block":6,"minecraft:iron_block":1,"scalinghealth:power_crystal":1,"minecraft:white_terracotta":1,"minecraft:skeleton_skull":1,"minecraft:cobblestone":39,"minecraft:salmon":1,"minecraft:andesite":27,"alexsmobs:acacia_blossom":1,"minecraft:potato":1,"minecraft:flint":2,"minecraft:tuff":1,"minecraft:oak_log":7,"minecraft:gunpowder":11,"minecraft:lapis_lazuli":8,"scalinghealth:heart_crystal":1,"minecraft:dirt":115,"minecraft:bone":26,"minecraft:acacia_planks":4,"minecraft:bow":2,"minecraft:wheat_seeds":15,"tombstone:bag_of_seeds":2,"minecraft:glass_bottle":1,"minecraft:bamboo":6,"minecraft:acacia_sapling":1,"minecraft:stone_hoe":1,"minecraft:gravel":17,"minecraft:spider_eye":5,"minecraft:dark_prismarine":3,"minecraft:bundle":2,"minecraft:pumpkin_seeds":2,"minecraft:diamond":1,"minecraft:rooted_dirt":28,"tombstone:magic_scroll":2,"minecraft:stripped_dark_oak_log":3,"minecraft:coal":5,"minecraft:sunflower":1},"minecraft:killed":{"minecraft:spider":6,"minecraft:skeleton":20,"minecraft:drowned":4,"alexsmobs:centipede_head":2,"minecraft:pig":1,"minecraft:salmon":2,"minecraft:zombie":12},"minecraft:crafted":{"minecraft:oak_planks":28,"minecraft:cooked_chicken":1,"minecraft:furnace":4,"tombstone:grave_key":1,"minecraft:stone_pickaxe":1,"minecraft:wheat":54,"minecraft:cooked_beef":2,"minecraft:cooked_porkchop":2,"minecraft:crafting_table":5,"minecraft:wooden_pickaxe":1,"minecraft:iron_helmet":1,"minecraft:iron_sword":1,"minecraft:stone_axe":1,"minecraft:bread":18,"minecraft:air":0,"minecraft:iron_chestplate":1,"minecraft:stick":12,"minecraft:iron_pickaxe":1,"minecraft:iron_ingot":17,"minecraft:wooden_axe":1,"minecraft:acacia_planks":20},"minecraft:used":{"minecraft:white_terracotta":1,"minecraft:iron_sword":138,"minecraft:cooked_chicken":1,"minecraft:torch":14,"minecraft:dirt":3,"scalinghealth:heart_crystal":1,"minecraft:wooden_axe":19,"minecraft:rooted_dirt":14,"minecraft:bow":1,"minecraft:furnace":5,"tombstone:gift":7,"minecraft:potato":2,"minecraft:cobbled_deepslate":6,"epicfight:skillbook":1,"minecraft:stone_pickaxe":36,"minecraft:wooden_pickaxe":19,"minecraft:salmon":1,"minecraft:crafting_table":7,"minecraft:spider_eye":1,"tombstone:bag_of_seeds":2,"minecraft:dark_prismarine":3,"minecraft:bread":25,"minecraft:iron_pickaxe":2,"tombstone:magic_scroll":1,"tombstone:grave_key":1,"minecraft:gravel":2,"minecraft:stone_axe":4,"minecraft:cobblestone":37,"minecraft:potion":1,"minecraft:cooked_porkchop":2,"minecraft:andesite":12,"alexsmobs:animal_dictionary":1},"minecraft:custom":{"minecraft:interact_with_smithing_table":1,"minecraft:mob_kills":51,"minecraft:interact_with_crafting_table":18,"minecraft:open_barrel":1,"minecraft:eat_cake_slice":3,"minecraft:leave_game":2,"minecraft:time_since_death":14852,"minecraft:climb_one_cm":4788,"minecraft:sprint_one_cm":430979,"minecraft:walk_one_cm":725581,"minecraft:drop":27,"minecraft:play_noteblock":2,"minecraft:damage_dealt_absorbed":281,"minecraft:play_time":113254,"minecraft:deaths":12,"minecraft:sneak_time":388,"minecraft:walk_under_water_one_cm":26842,"minecraft:interact_with_lectern":1,"minecraft:jump":1477,"minecraft:walk_on_water_one_cm":21045,"minecraft:total_world_time":113254,"vampirism:interact_with_injection_chair":1,"minecraft:interact_with_furnace":16,"vampirism:interact_with_research_table":1,"minecraft:time_since_rest":13751,"minecraft:damage_taken":4168,"minecraft:damage_dealt":6922,"tombstone:cast_on_ally":1,"minecraft:fly_one_cm":409915,"minecraft:player_kills":1,"minecraft:open_chest":10,"minecraft:crouch_one_cm":2952,"tombstone:undead_killed":36,"minecraft:fall_one_cm":28746},"minecraft:dropped":{"minecraft:wheat_seeds":11,"minecraft:glass_bottle":1,"minecraft:dirt":2,"minecraft:oak_stairs":6,"minecraft:sunflower":1,"minecraft:bone":9,"alexsmobs:centipede_leg":2,"alexsmobs:acacia_blossom":1,"minecraft:tuff":1,"minecraft:wheat":1,"minecraft:stripped_dark_oak_log":3,"vampirism:hunter_coat_head_ultimate":1,"minecraft:rotten_flesh":12,"minecraft:pumpkin_seeds":2,"vampirism:vampire_fang":1,"minecraft:andesite":15,"minecraft:acacia_sapling":1,"minecraft:ladder":4,"minecraft:spider_eye":2,"minecraft:bow":1,"minecraft:stone_brick_stairs":1}},"DataVersion":3465}