{"stats":{"minecraft:killed":{"vampirism:vampire":4,"vampirism:advanced_vampire":1,"minecraft:spider":40,"minecraft:skeleton":68,"minecraft:chicken":3,"alexsmobs:centipede_head":2,"minecraft:skeleton_horse":1,"minecraft:wolf":2,"minecraft:pig":3,"minecraft:zombie_villager":1,"minecraft:salmon":2,"minecraft:creeper":3,"vampirism:hunter":5,"minecraft:sheep":3,"minecraft:zombie":63,"alexsmobs:terrapin":1,"crittersandcompanions:otter":1,"minecraft:drowned":5,"goblintraders:goblin_trader":1,"iceandfire:troll":1,"vampirism:villager_angry":1,"alexsmobs:crocodile":1,"iceandfire:ghost":1},"minecraft:dropped":{"minecraft:iron_sword":1,"minecraft:brown_mushroom":5,"minecraft:birch_planks":1,"minecraft:lapis_lazuli":45,"crittersandcompanions:clam":1,"vampirism:armor_of_swiftness_legs_ultimate":1,"vampirism:human_heart":2,"minecraft:glass_bottle":1,"minecraft:ender_pearl":2,"minecraft:rooted_dirt":1,"minecraft:leather_helmet":1,"minecraft:music_disc_13":1,"minecraft:dirt":2,"minecraft:cornflower":2,"minecraft:gold_nugget":2,"minecraft:sunflower":3,"minecraft:sand":3,"minecraft:bone":9,"alexsmobs:centipede_leg":2,"minecraft:golden_chestplate":5,"minecraft:cobbled_deepslate":14,"minecraft:wheat":1,"minecraft:stripped_dark_oak_log":3,"vampirism:holy_water_bottle_enhanced":2,"minecraft:rotten_flesh":58,"alexsmobs:emu_egg":1,"ars_nouveau:sourceberry_bush":2,"minecraft:gunpowder":2,"vampirism:vampire_fang":2,"minecraft:ladder":4,"minecraft:acacia_sapling":1,"minecraft:chainmail_boots":1,"minecraft:arrow":2,"minecraft:stone_brick_stairs":1,"minecraft:egg":3,"minecraft:iron_ingot":26,"minecraft:wheat_seeds":12,"scalinghealth:cursed_heart":7,"minecraft:cobblestone":1,"scalinghealth:heart_crystal_shard":24,"minecraft:coal":23,"scalinghealth:power_crystal":3,"scalinghealth:heart_crystal":3,"minecraft:brown_wool":1,"tombstone:grave_dust":10,"minecraft:potion":1,"minecraft:oak_stairs":6,"minecraft:string":17,"ars_nouveau:wilden_wing":1,"minecraft:redstone":22,"alexsmobs:acacia_blossom":1,"rpgsmw:rawmiphrilignot":12,"minecraft:tuff":12,"vampirism:hunter_coat_head_ultimate":1,"minecraft:raw_iron":22,"epicfight:diamond_tachi":1,"minecraft:chicken":1,"minecraft:iron_boots":1,"minecraft:pumpkin_seeds":2,"minecraft:flint_and_steel":1,"minecraft:filled_map":2,"minecraft:hay_block":1,"minecraft:iron_chestplate":1,"minecraft:andesite":22,"minecraft:golden_leggings":1,"minecraft:stone_bricks":2,"minecraft:spider_eye":3,"minecraft:bow":1,"scalinghealth:bandages":1,"epicfight:skillbook":2},"minecraft:broken":{"minecraft:iron_boots":2,"minecraft:iron_chestplate":1,"minecraft:stone_pickaxe":1,"aether:iron_gloves":1,"minecraft:leather_boots":1,"minecraft:iron_helmet":1},"minecraft:picked_up":{"minecraft:iron_chestplate":3,"minecraft:wheat":1,"minecraft:chainmail_boots":1,"minecraft:creeper_head":1,"minecraft:oak_stairs":7,"minecraft:enchanted_book":1,"minecraft:stone_brick_stairs":1,"vampirism:hunter_coat_head_ultimate":1,"paraglider:goddess_statue":3,"minecraft:string":71,"minecraft:raw_copper":1,"minecraft:iron_leggings":2,"minecraft:cobbled_deepslate":248,"minecraft:gold_nugget":2,"minecraft:bucket":2,"rpgsmw:rawmiphrilignot":18,"rpgsmw:redarium":2,"minecraft:rose_bush":2,"minecraft:furnace":1,"minecraft:iron_boots":2,"minecraft:stick":6,"minecraft:torch":23,"minecraft:acacia_log":9,"minecraft:porkchop":7,"epicfight:skillbook":11,"vampirism:holy_water_bottle_enhanced":2,"tombstone:grave_dust":18,"vampirism:vampire_fang":3,"aether:golden_gloves":1,"minecraft:golden_chestplate":5,"alexsmobs:centipede_leg":6,"minecraft:rotten_flesh":120,"minecraft:iron_block":1,"alexsmobs:emu_egg":4,"minecraft:white_terracotta":1,"ars_nouveau:sourceberry_bush":3,"minecraft:cobblestone":144,"minecraft:birch_log":7,"travelersbackpack:iron_golem":7,"minecraft:feather":1,"minecraft:water_bucket":1,"minecraft:andesite":39,"minecraft:brown_wool":2,"minecraft:golden_leggings":1,"minecraft:potato":1,"paraglider:spirit_orb":4,"minecraft:flint":2,"minecraft:tuff":14,"minecraft:lapis_lazuli":95,"minecraft:dirt":215,"minecraft:leather_boots":1,"minecraft:bone":121,"minecraft:acacia_planks":4,"minecraft:bow":8,"minecraft:wheat_seeds":23,"minecraft:raw_gold":1,"minecraft:birch_wood":3,"minecraft:bamboo":6,"minecraft:stone_hoe":1,"minecraft:oak_planks":1,"minecraft:music_disc_13":1,"iceandfire:dragon_skull_fire":1,"minecraft:sand":3,"minecraft:cyan_bed":1,"minecraft:dark_oak_log":8,"minecraft:dark_prismarine":3,"minecraft:bundle":4,"minecraft:diamond":14,"minecraft:emerald":2,"minecraft:chainmail_helmet":1,"scalinghealth:cursed_heart":19,"minecraft:bread":10,"minecraft:rooted_dirt":112,"minecraft:oak_sapling":4,"iceandfire:raw_silver":3,"minecraft:coarse_dirt":11,"minecraft:crafting_table":3,"minecraft:chicken":6,"minecraft:ladder":9,"minecraft:leather_leggings":1,"minecraft:brown_mushroom":5,"tombstone:scroll_of_preservation":1,"minecraft:cornflower":2,"minecraft:moss_carpet":1,"minecraft:beef":4,"minecraft:poppy":1,"minecraft:spruce_slab":1,"minecraft:birch_sapling":2,"crittersandcompanions:clam":5,"minecraft:egg":5,"minecraft:dark_oak_sapling":1,"minecraft:raw_iron":90,"iceandfire:dragonscales_gray":18,"iceandfire:dragonbone":10,"minecraft:copper_ingot":1,"minecraft:spruce_fence":2,"minecraft:carrot":1,"minecraft:redstone":23,"iceandfire:cyclops_eye":1,"minecraft:arrow":97,"minecraft:hay_block":10,"crittersandcompanions:silk":12,"minecraft:saddle":1,"minecraft:gold_ingot":5,"scalinghealth:power_crystal":1,"minecraft:mutton":13,"minecraft:white_wool":3,"minecraft:skeleton_skull":2,"vampirism:vampire_blood_bottle":1,"minecraft:tripwire_hook":1,"minecraft:salmon":1,"minecraft:leather":2,"alexsmobs:acacia_blossom":1,"minecraft:filled_map":2,"minecraft:birch_planks":21,"minecraft:packed_mud":13,"ars_nouveau:wilden_wing":1,"minecraft:oak_log":22,"minecraft:chainmail_chestplate":1,"scalinghealth:bandages":20,"minecraft:gunpowder":21,"scalinghealth:heart_crystal":2,"endrem:undead_soul":1,"scalinghealth:medkit":2,"minecraft:cooked_mutton":6,"vampirism:human_heart":2,"minecraft:apple":2,"minecraft:stone_bricks":4,"minecraft:iron_ingot":4,"tombstone:bag_of_seeds":2,"minecraft:glass_bottle":1,"iceandfire:fire_dragon_flesh":3,"minecraft:acacia_sapling":1,"scalinghealth:heart_crystal_shard":37,"minecraft:dark_oak_slab":1,"minecraft:stone_brick_slab":1,"minecraft:dandelion":1,"minecraft:gravel":17,"minecraft:lava_bucket":1,"minecraft:spruce_log":8,"minecraft:spruce_door":1,"minecraft:spider_eye":25,"minecraft:leather_helmet":1,"minecraft:oak_wood":4,"epicfight:diamond_tachi":1,"minecraft:pumpkin_seeds":2,"minecraft:iron_helmet":1,"vampirism:vampire_orchid":2,"tombstone:magic_scroll":5,"minecraft:stripped_dark_oak_log":4,"minecraft:coal":73,"minecraft:sunflower":3},"minecraft:killed_by":{"minecraft:zombie":6,"minecraft:player":1,"minecraft:iron_golem":1,"minecraft:skeleton":2},"minecraft:mined":{"minecraft:spruce_planks":2,"paraglider:rito_goddess_statue":1,"travelersbackpack:iron_golem":5,"minecraft:acacia_log":10,"minecraft:grass_block":2,"biomesoplenty:flowering_oak_leaves":1,"minecraft:white_concrete":2,"ars_nouveau:sourceberry_bush":2,"minecraft:spawner":1,"minecraft:iron_ore":18,"minecraft:cobbled_deepslate":3,"minecraft:fire":5,"minecraft:deepslate_lapis_ore":1,"minecraft:iron_block":1,"minecraft:player_head":1,"minecraft:spruce_slab":2,"minecraft:torch":2,"minecraft:note_block":1,"minecraft:cobblestone":14,"minecraft:oak_planks":1,"minecraft:wall_torch":6,"minecraft:skeleton_skull":1,"minecraft:dark_oak_slab":1,"minecraft:birch_log":7,"minecraft:stone_brick_stairs":1,"minecraft:grass":9,"minecraft:oak_log":20,"minecraft:dirt":2,"minecraft:tripwire_hook":1,"minecraft:oak_leaves":13,"minecraft:deepslate":77,"minecraft:dark_prismarine":3,"minecraft:tuff":3,"minecraft:deepslate_diamond_ore":4,"minecraft:dark_oak_log":8,"minecraft:spruce_fence":2,"vampirism:vampire_orchid":1,"iceandfire:deepslate_silver_ore":3,"minecraft:spruce_leaves":1,"minecraft:hay_block":9,"minecraft:furnace":2,"minecraft:andesite":4,"biomesoplenty:high_grass":3,"minecraft:deepslate_iron_ore":51,"minecraft:vine":1,"crittersandcompanions:silk_cocoon":2,"minecraft:bamboo":1,"minecraft:stone":50,"minecraft:acacia_leaves":2,"minecraft:stripped_dark_oak_log":2,"minecraft:crafting_table":3,"minecraft:oak_wood":7,"biomesoplenty:high_grass_plant":4,"minecraft:deepslate_coal_ore":1,"minecraft:lapis_ore":2,"minecraft:diorite":1,"minecraft:spruce_stairs":3,"rpgsmw:mineral_ore":2,"minecraft:spruce_log":7,"minecraft:coal_ore":66,"minecraft:sunflower":1,"minecraft:gravel":6,"paraglider:goddess_statue":3},"minecraft:crafted":{"minecraft:oak_planks":28,"paraglider:rito_goddess_statue":1,"minecraft:cooked_chicken":3,"minecraft:cooked_mutton":2,"tombstone:grave_key":7,"minecraft:chest":1,"minecraft:cooked_porkchop":2,"minecraft:crafting_table":9,"minecraft:spruce_planks":4,"minecraft:iron_helmet":1,"minecraft:wooden_pickaxe":1,"minecraft:birch_planks":36,"minecraft:iron_chestplate":1,"minecraft:charcoal":7,"minecraft:stick":28,"minecraft:iron_pickaxe":2,"minecraft:iron_ingot":33,"minecraft:coal":1,"minecraft:furnace":7,"minecraft:iron_axe":1,"minecraft:stone_pickaxe":1,"minecraft:dark_oak_planks":4,"minecraft:wheat":63,"minecraft:cooked_beef":2,"minecraft:iron_sword":1,"scalinghealth:heart_crystal":4,"minecraft:stone_axe":1,"minecraft:bread":21,"minecraft:air":0,"minecraft:wooden_axe":1,"minecraft:acacia_planks":20,"minecraft:torch":64},"minecraft:used":{"minecraft:moss_carpet":1,"minecraft:chest":1,"minecraft:white_terracotta":1,"minecraft:iron_sword":179,"minecraft:iron_chestplate":1,"paraglider:goddess_statue":2,"minecraft:carrot":1,"minecraft:tuff":2,"minecraft:lava_bucket":1,"minecraft:birch_sapling":2,"minecraft:bow":50,"minecraft:oak_sapling":2,"minecraft:furnace":8,"ars_nouveau:sourceberry_bush":1,"minecraft:egg":2,"minecraft:potato":20,"minecraft:dark_oak_sapling":1,"epicfight:skillbook":8,"minecraft:spruce_door":1,"minecraft:stone_pickaxe":130,"minecraft:birch_wood":1,"minecraft:ender_pearl":2,"minecraft:wooden_pickaxe":19,"travelersbackpack:iron_golem":5,"minecraft:golden_apple":1,"scalinghealth:cursed_heart":8,"minecraft:bread":67,"minecraft:cyan_bed":1,"tombstone:grave_key":5,"minecraft:gravel":2,"minecraft:andesite":17,"minecraft:golden_pickaxe":21,"minecraft:oak_fence":1,"minecraft:rose_bush":2,"minecraft:flint_and_steel":29,"minecraft:cooked_chicken":3,"minecraft:torch":91,"minecraft:dirt":71,"scalinghealth:heart_crystal":4,"iceandfire:pixie_dust":1,"minecraft:golden_chestplate":1,"minecraft:wooden_axe":19,"minecraft:stone_brick_slab":1,"minecraft:iron_axe":8,"minecraft:rooted_dirt":78,"epicfight:diamond_tachi":652,"paraglider:rito_goddess_statue":1,"rpgsmw:diamond_battle_axe":10,"scalinghealth:bandages":2,"tombstone:gift":9,"minecraft:cooked_beef":45,"minecraft:cobbled_deepslate":138,"minecraft:iron_leggings":1,"minecraft:cooked_mutton":4,"tombstone:scroll_of_knowledge":1,"minecraft:birch_planks":22,"scalinghealth:chance_heart":3,"minecraft:leather_boots":1,"minecraft:salmon":1,"minecraft:crafting_table":12,"minecraft:spider_eye":1,"tombstone:bag_of_seeds":2,"minecraft:dark_prismarine":3,"minecraft:apple":14,"minecraft:iron_pickaxe":182,"tombstone:magic_scroll":2,"minecraft:stone_axe":64,"minecraft:cobblestone":116,"minecraft:potion":1,"minecraft:cooked_porkchop":2,"minecraft:bucket":2,"minecraft:pumpkin_pie":5,"alexsmobs:animal_dictionary":2},"minecraft:custom":{"minecraft:interact_with_crafting_table":32,"minecraft:open_barrel":62,"goblintraders:trade_with_goblin":8,"minecraft:eat_cake_slice":9,"minecraft:leave_game":3,"minecraft:time_since_death":25459,"minecraft:sprint_one_cm":1519777,"minecraft:drop":118,"minecraft:play_noteblock":2,"minecraft:play_time":427811,"minecraft:deaths":26,"minecraft:jump":5807,"minecraft:walk_on_water_one_cm":124912,"minecraft:interact_with_furnace":32,"vampirism:interact_with_research_table":1,"minecraft:damage_dealt":54645,"minecraft:player_kills":1,"minecraft:crouch_one_cm":28666,"tombstone:undead_killed":139,"tombstone:villager_killed":1,"minecraft:horse_one_cm":13558,"minecraft:interact_with_smithing_table":2,"minecraft:mob_kills":238,"minecraft:interact_with_campfire":5,"minecraft:damage_dealt_resisted":1242,"minecraft:climb_one_cm":13454,"minecraft:walk_one_cm":2728895,"minecraft:damage_dealt_absorbed":1105,"minecraft:sneak_time":3991,"minecraft:walk_under_water_one_cm":88596,"minecraft:interact_with_lectern":1,"minecraft:interact_with_blast_furnace":2,"minecraft:total_world_time":427811,"vampirism:interact_with_injection_chair":1,"vampirism:interact_with_garlic_diffuser":1,"minecraft:interact_with_grindstone":1,"minecraft:time_since_rest":25160,"minecraft:damage_taken":16317,"minecraft:trigger_trapped_chest":5,"tombstone:cast_on_ally":2,"minecraft:swim_one_cm":60893,"minecraft:fly_one_cm":1647265,"minecraft:open_chest":70,"minecraft:fall_one_cm":128127}},"DataVersion":3465}