{"stats":{"minecraft:killed":{"vampirism:vampire":1,"vampirism:advanced_vampire":1,"minecraft:spider":34,"minecraft:skeleton":62,"minecraft:chicken":3,"alexsmobs:centipede_head":2,"minecraft:pig":3,"minecraft:zombie_villager":1,"minecraft:salmon":2,"minecraft:creeper":3,"minecraft:sheep":3,"minecraft:zombie":61,"alexsmobs:terrapin":1,"minecraft:drowned":5,"crittersandcompanions:otter":1,"goblintraders:goblin_trader":1,"iceandfire:troll":1,"alexsmobs:crocodile":1,"iceandfire:ghost":1},"minecraft:dropped":{"minecraft:iron_sword":1,"minecraft:brown_mushroom":5,"minecraft:birch_planks":1,"minecraft:lapis_lazuli":8,"crittersandcompanions:clam":1,"vampirism:armor_of_swiftness_legs_ultimate":1,"vampirism:human_heart":2,"minecraft:ender_pearl":2,"minecraft:glass_bottle":1,"minecraft:music_disc_13":1,"minecraft:dirt":2,"minecraft:cornflower":2,"minecraft:gold_nugget":2,"minecraft:sunflower":3,"minecraft:bone":9,"alexsmobs:centipede_leg":2,"minecraft:cobbled_deepslate":6,"minecraft:wheat":1,"minecraft:stripped_dark_oak_log":3,"vampirism:holy_water_bottle_enhanced":1,"minecraft:rotten_flesh":14,"alexsmobs:emu_egg":1,"minecraft:gunpowder":2,"vampirism:vampire_fang":2,"minecraft:ladder":4,"minecraft:acacia_sapling":1,"minecraft:chainmail_boots":1,"minecraft:arrow":2,"minecraft:stone_brick_stairs":1,"minecraft:egg":3,"minecraft:iron_ingot":26,"minecraft:wheat_seeds":12,"scalinghealth:cursed_heart":7,"minecraft:cobblestone":1,"scalinghealth:heart_crystal_shard":24,"scalinghealth:power_crystal":3,"scalinghealth:heart_crystal":3,"minecraft:brown_wool":1,"tombstone:grave_dust":10,"minecraft:potion":1,"minecraft:oak_stairs":6,"minecraft:string":5,"ars_nouveau:wilden_wing":1,"minecraft:redstone":12,"alexsmobs:acacia_blossom":1,"rpgsmw:rawmiphrilignot":6,"minecraft:tuff":12,"vampirism:hunter_coat_head_ultimate":1,"minecraft:raw_iron":21,"epicfight:diamond_tachi":1,"minecraft:iron_boots":1,"minecraft:pumpkin_seeds":2,"minecraft:flint_and_steel":1,"minecraft:filled_map":1,"minecraft:hay_block":1,"minecraft:andesite":22,"minecraft:golden_leggings":1,"minecraft:spider_eye":3,"minecraft:bow":1,"scalinghealth:bandages":1,"epicfight:skillbook":2},"minecraft:broken":{"minecraft:iron_boots":2,"minecraft:iron_chestplate":1,"minecraft:stone_pickaxe":1,"aether:iron_gloves":1,"minecraft:leather_boots":1,"minecraft:iron_helmet":1},"minecraft:picked_up":{"minecraft:iron_chestplate":2,"minecraft:wheat":1,"minecraft:chainmail_boots":1,"minecraft:creeper_head":1,"minecraft:oak_stairs":7,"minecraft:enchanted_book":1,"minecraft:stone_brick_stairs":1,"vampirism:hunter_coat_head_ultimate":1,"minecraft:string":53,"paraglider:goddess_statue":3,"minecraft:iron_leggings":2,"minecraft:gold_nugget":2,"minecraft:cobbled_deepslate":240,"minecraft:bucket":2,"rpgsmw:rawmiphrilignot":12,"rpgsmw:redarium":2,"minecraft:furnace":1,"minecraft:iron_boots":2,"minecraft:stick":6,"minecraft:torch":23,"minecraft:acacia_log":9,"minecraft:porkchop":7,"epicfight:skillbook":11,"vampirism:holy_water_bottle_enhanced":1,"tombstone:grave_dust":18,"vampirism:vampire_fang":2,"aether:golden_gloves":1,"minecraft:golden_chestplate":1,"alexsmobs:centipede_leg":6,"minecraft:rotten_flesh":73,"minecraft:iron_block":1,"alexsmobs:emu_egg":4,"minecraft:white_terracotta":1,"minecraft:cobblestone":144,"minecraft:birch_log":7,"travelersbackpack:iron_golem":5,"minecraft:feather":1,"minecraft:water_bucket":1,"minecraft:andesite":39,"minecraft:brown_wool":2,"minecraft:golden_leggings":1,"minecraft:potato":1,"paraglider:spirit_orb":4,"minecraft:flint":2,"minecraft:tuff":14,"minecraft:dirt":215,"minecraft:lapis_lazuli":58,"minecraft:leather_boots":1,"minecraft:bone":111,"minecraft:acacia_planks":4,"minecraft:bow":8,"minecraft:wheat_seeds":23,"minecraft:raw_gold":1,"minecraft:birch_wood":3,"minecraft:bamboo":6,"minecraft:oak_planks":1,"minecraft:stone_hoe":1,"minecraft:music_disc_13":1,"minecraft:sand":3,"minecraft:cyan_bed":1,"minecraft:dark_oak_log":8,"minecraft:dark_prismarine":3,"minecraft:bundle":4,"minecraft:diamond":14,"minecraft:bread":10,"scalinghealth:cursed_heart":19,"minecraft:chainmail_helmet":1,"minecraft:rooted_dirt":112,"minecraft:oak_sapling":2,"iceandfire:raw_silver":3,"minecraft:crafting_table":3,"minecraft:coarse_dirt":11,"minecraft:chicken":5,"minecraft:ladder":9,"minecraft:leather_leggings":1,"minecraft:brown_mushroom":5,"tombstone:scroll_of_preservation":1,"minecraft:cornflower":2,"minecraft:moss_carpet":1,"minecraft:beef":4,"minecraft:poppy":1,"minecraft:spruce_slab":1,"minecraft:birch_sapling":2,"crittersandcompanions:clam":5,"minecraft:egg":5,"minecraft:dark_oak_sapling":1,"minecraft:raw_iron":89,"minecraft:copper_ingot":1,"minecraft:spruce_fence":2,"minecraft:carrot":1,"minecraft:redstone":13,"minecraft:arrow":85,"crittersandcompanions:silk":12,"minecraft:hay_block":8,"minecraft:saddle":1,"minecraft:gold_ingot":5,"scalinghealth:power_crystal":1,"minecraft:mutton":5,"minecraft:skeleton_skull":2,"minecraft:white_wool":2,"vampirism:vampire_blood_bottle":1,"minecraft:tripwire_hook":1,"minecraft:salmon":1,"minecraft:leather":2,"alexsmobs:acacia_blossom":1,"minecraft:filled_map":1,"minecraft:birch_planks":21,"minecraft:packed_mud":13,"ars_nouveau:wilden_wing":1,"minecraft:oak_log":22,"minecraft:chainmail_chestplate":1,"scalinghealth:bandages":19,"minecraft:gunpowder":21,"scalinghealth:heart_crystal":2,"scalinghealth:medkit":2,"minecraft:cooked_mutton":2,"vampirism:human_heart":2,"minecraft:apple":2,"minecraft:stone_bricks":2,"minecraft:iron_ingot":4,"tombstone:bag_of_seeds":2,"minecraft:glass_bottle":1,"minecraft:acacia_sapling":1,"scalinghealth:heart_crystal_shard":37,"minecraft:dark_oak_slab":1,"minecraft:stone_brick_slab":1,"minecraft:dandelion":1,"minecraft:gravel":17,"minecraft:lava_bucket":1,"minecraft:spruce_log":8,"minecraft:spider_eye":23,"minecraft:spruce_door":1,"minecraft:oak_wood":4,"epicfight:diamond_tachi":1,"minecraft:pumpkin_seeds":2,"minecraft:iron_helmet":1,"tombstone:magic_scroll":4,"minecraft:stripped_dark_oak_log":4,"minecraft:coal":73,"minecraft:sunflower":3},"minecraft:killed_by":{"minecraft:zombie":6,"minecraft:player":1,"minecraft:iron_golem":1,"minecraft:skeleton":2},"minecraft:mined":{"travelersbackpack:iron_golem":3,"minecraft:acacia_log":10,"minecraft:grass_block":2,"biomesoplenty:flowering_oak_leaves":1,"minecraft:spawner":1,"minecraft:fire":5,"minecraft:iron_ore":18,"minecraft:cobbled_deepslate":3,"minecraft:deepslate_lapis_ore":1,"minecraft:iron_block":1,"minecraft:spruce_slab":1,"minecraft:torch":2,"minecraft:note_block":1,"minecraft:cobblestone":10,"minecraft:oak_planks":1,"minecraft:wall_torch":6,"minecraft:skeleton_skull":1,"minecraft:dark_oak_slab":1,"minecraft:birch_log":7,"minecraft:stone_brick_stairs":1,"minecraft:grass":9,"minecraft:oak_log":20,"minecraft:dirt":2,"minecraft:tripwire_hook":1,"minecraft:oak_leaves":13,"minecraft:deepslate":77,"minecraft:dark_prismarine":3,"minecraft:tuff":3,"minecraft:deepslate_diamond_ore":4,"minecraft:dark_oak_log":8,"minecraft:spruce_fence":2,"iceandfire:deepslate_silver_ore":3,"minecraft:spruce_leaves":1,"minecraft:hay_block":7,"minecraft:furnace":2,"minecraft:andesite":4,"biomesoplenty:high_grass":3,"minecraft:deepslate_iron_ore":51,"minecraft:vine":1,"crittersandcompanions:silk_cocoon":2,"minecraft:bamboo":1,"minecraft:stone":50,"minecraft:acacia_leaves":2,"minecraft:stripped_dark_oak_log":2,"minecraft:crafting_table":3,"minecraft:oak_wood":7,"biomesoplenty:high_grass_plant":4,"minecraft:deepslate_coal_ore":1,"minecraft:lapis_ore":2,"minecraft:diorite":1,"rpgsmw:mineral_ore":2,"minecraft:spruce_log":7,"minecraft:coal_ore":66,"minecraft:sunflower":1,"minecraft:gravel":6,"paraglider:goddess_statue":3},"minecraft:crafted":{"minecraft:oak_planks":28,"minecraft:cooked_chicken":3,"minecraft:cooked_mutton":2,"tombstone:grave_key":7,"minecraft:chest":1,"minecraft:cooked_porkchop":2,"minecraft:crafting_table":9,"minecraft:spruce_planks":4,"minecraft:wooden_pickaxe":1,"minecraft:iron_helmet":1,"minecraft:birch_planks":36,"minecraft:iron_chestplate":1,"minecraft:charcoal":7,"minecraft:stick":28,"minecraft:iron_pickaxe":2,"minecraft:iron_ingot":33,"minecraft:coal":1,"minecraft:furnace":7,"minecraft:iron_axe":1,"minecraft:stone_pickaxe":1,"minecraft:dark_oak_planks":4,"minecraft:wheat":63,"minecraft:cooked_beef":2,"minecraft:iron_sword":1,"scalinghealth:heart_crystal":4,"minecraft:stone_axe":1,"minecraft:bread":21,"minecraft:air":0,"minecraft:wooden_axe":1,"minecraft:acacia_planks":20,"minecraft:torch":64},"minecraft:used":{"minecraft:moss_carpet":1,"minecraft:chest":1,"minecraft:white_terracotta":1,"minecraft:iron_sword":179,"paraglider:goddess_statue":2,"minecraft:carrot":1,"minecraft:tuff":2,"minecraft:lava_bucket":1,"minecraft:birch_sapling":2,"minecraft:bow":29,"minecraft:furnace":8,"minecraft:egg":2,"minecraft:potato":20,"minecraft:dark_oak_sapling":1,"epicfight:skillbook":7,"minecraft:spruce_door":1,"minecraft:birch_wood":1,"minecraft:stone_pickaxe":130,"minecraft:ender_pearl":2,"minecraft:wooden_pickaxe":19,"travelersbackpack:iron_golem":3,"minecraft:golden_apple":1,"scalinghealth:cursed_heart":8,"minecraft:bread":50,"minecraft:cyan_bed":1,"tombstone:grave_key":5,"minecraft:gravel":2,"minecraft:andesite":17,"minecraft:golden_pickaxe":21,"minecraft:oak_fence":1,"minecraft:flint_and_steel":28,"minecraft:cooked_chicken":3,"minecraft:torch":91,"minecraft:dirt":68,"scalinghealth:heart_crystal":4,"minecraft:stone_brick_slab":1,"minecraft:wooden_axe":19,"minecraft:rooted_dirt":78,"epicfight:diamond_tachi":520,"rpgsmw:diamond_battle_axe":10,"scalinghealth:bandages":2,"tombstone:gift":9,"minecraft:cooked_beef":40,"minecraft:cobbled_deepslate":130,"minecraft:cooked_mutton":4,"tombstone:scroll_of_knowledge":1,"scalinghealth:chance_heart":3,"minecraft:leather_boots":1,"minecraft:salmon":1,"minecraft:crafting_table":12,"minecraft:spider_eye":1,"tombstone:bag_of_seeds":2,"minecraft:dark_prismarine":3,"minecraft:apple":4,"minecraft:iron_pickaxe":171,"tombstone:magic_scroll":2,"minecraft:stone_axe":64,"minecraft:cobblestone":116,"minecraft:potion":1,"minecraft:cooked_porkchop":2,"minecraft:bucket":2,"minecraft:pumpkin_pie":5,"alexsmobs:animal_dictionary":2},"minecraft:custom":{"minecraft:interact_with_crafting_table":32,"minecraft:open_barrel":52,"goblintraders:trade_with_goblin":8,"minecraft:eat_cake_slice":9,"minecraft:leave_game":3,"minecraft:time_since_death":15308,"minecraft:sprint_one_cm":1287754,"minecraft:drop":94,"minecraft:play_noteblock":2,"minecraft:play_time":373530,"minecraft:deaths":23,"minecraft:jump":4862,"minecraft:walk_on_water_one_cm":109495,"minecraft:interact_with_furnace":32,"vampirism:interact_with_research_table":1,"minecraft:damage_dealt":44614,"minecraft:player_kills":1,"minecraft:crouch_one_cm":27570,"tombstone:undead_killed":130,"minecraft:horse_one_cm":13558,"minecraft:interact_with_smithing_table":1,"minecraft:mob_kills":210,"minecraft:damage_dealt_resisted":498,"minecraft:climb_one_cm":10536,"minecraft:walk_one_cm":2408975,"minecraft:damage_dealt_absorbed":1064,"minecraft:sneak_time":3697,"minecraft:walk_under_water_one_cm":82812,"minecraft:interact_with_lectern":1,"minecraft:interact_with_blast_furnace":2,"minecraft:total_world_time":373530,"vampirism:interact_with_injection_chair":1,"minecraft:time_since_rest":14591,"minecraft:damage_taken":13089,"minecraft:trigger_trapped_chest":5,"tombstone:cast_on_ally":2,"minecraft:swim_one_cm":53830,"minecraft:fly_one_cm":1357789,"minecraft:open_chest":48,"minecraft:fall_one_cm":92390}},"DataVersion":3465}